Date,AU000000ABC7,AU000000ALL7,AU000000AMP6,AU000000ANN9,AU000000ANZ3,AU000000APA1,AU000000ASX7,AU000000BEN6,AU000000BHP4,AU000000BLD2,AU000000BOQ8,AU000000BPT9,AU000000BSL0,AU000000CBA7,AU000000CGF5,AU000000CIM7,AU000000COH5,AU000000CPU5,AU000000CQR9,AU000000CSL8,AU000000CSR5,AU000000CWY3,AU000000DOW2,AU000000DXS1,AU000000ELD6,AU000000ERA9,AU000000FLT9,AU000000GMG2,AU000000GPT8,AU000000GWA4,AU000000IAG3,AU000000IFL2,AU000000IGO4,AU000000ILU1,AU000000IRE2,AU000000IVC8,AU000000JBH7,AU000000LLC3,AU000000MAH3,AU000000MGR9,AU000000MND5,AU000000MQG1,AU000000MTS0,AU000000NAB4,AU000000NCM7,AU000000ORG5,AU000000ORI1,AU000000OZL8,AU000000PPT9,AU000000QAN2,AU000000QBE9,AU000000RHC8,AU000000SBM8,AU000000SEK6,AU000000SGM7,AU000000SGP0,AU000000SHL7,AU000000SIG5,AU000000STO6,AU000000SUN6,AU000000SWM4,AU000000SXL4,AU000000TAH8,AU000000TCL6,AU000000TLS2,AU000000WBC1,AU000000WES1,AU000000WOR2,AU000000WOW2,AU0000033359,AU0000038911,AU0000088338,AU0000224040,BMG2108M2182,BMG2178K1009,BMG2442N1048,BMG2624N1535,BMG4600H1198,BMG4639H1227,BMG507361001,BMG524401079,BMG5320C1082,BMG668971101,BMG677491539,BMG684371393,BMG8063F1068,BMG8403G1033,BMG988031446,HK0000049939,HK0000055878,HK0000139300,HK0000608585,HK0000745908,HK0002007356,HK0003000038,HK0004000045,HK0006000050,HK0008011667,HK0010000088,HK0011000095,HK0012000102,HK0014000126,HK0016000132,HK0019000162,HK0023000190,HK0066009694,HK0083000502,HK0101000591,HK0144000764,HK0165000859,HK0200030994,HK0242001243,HK0270001396,HK0291001490,HK0293001514,HK0308001558,HK0363006039,HK0388045442,HK0392044647,HK0440001847,HK0688002218,HK0823032773,HK0836012952,HK2380027329,HK2388011192,IE00BKVD2N49,JP3027670003,JP3027680002,JP3039710003,JP3040890000,JP3102000001,JP3108600002,JP3111200006,JP3112000009,JP3116000005,JP3118000003,JP3119600009,JP3122400009,JP3122800000,JP3126340003,JP3126400005,JP3131400008,JP3131430005,JP3134800006,JP3137200006,JP3143000002,JP3143600009,JP3143900003,JP3148800000,JP3152740001,JP3156400008,JP3158800007,JP3160400002,JP3162600005,JP3164720009,JP3164800009,JP3165600002,JP3165700000,JP3166000004,JP3167500002,JP3172100004,JP3173400007,JP3174410005,JP3180400008,JP3188220002,JP3190000004,JP3194000000,JP3196000008,JP3197600004,JP3197800000,JP3198900007,JP3200450009,JP3201200007,JP3203500008,JP3205800000,JP3209000003,JP3210200006,JP3215800008,JP3219000001,JP3223800008,JP3224200000,JP3228600007,JP3229400001,JP3240400006,JP3242800005,JP3243600008,JP3246400000,JP3249600002,JP3256000005,JP3258000003,JP3260800002,JP3263000006,JP3266400005,JP3268950007,JP3269600007,JP3270000007,JP3271400008,JP3274400005,JP3276400003,JP3277800003,JP3280200001,JP3283650004,JP3289800009,JP3292200007,JP3293200006,JP3294460005,JP3300200007,JP3300600008,JP3304200003,JP3305530002,JP3305800009,JP3305990008,JP3320800000,JP3322930003,JP3326410002,JP3336000009,JP3336600006,JP3347200002,JP3350800003,JP3351100007,JP3351500008,JP3351600006,JP3352000008,JP3352400000,JP3357200009,JP3358000002,JP3358200008,JP3358800005,JP3359600008,JP3362700001,JP3368000000,JP3371200001,JP3375800004,JP3381000003,JP3385820000,JP3385980002,JP3386030005,JP3388200002,JP3389900006,JP3396350005,JP3397200001,JP3398000004,JP3400900001,JP3401400001,JP3402600005,JP3404200002,JP3404600003,JP3405400007,JP3407200009,JP3407400005,JP3409000001,JP3411000007,JP3414750004,JP3415400005,JP3419050004,JP3419400001,JP3420600003,JP3421100003,JP3421800008,JP3425000001,JP3429800000,JP3435000009,JP3436100006,JP3436120004,JP3443600006,JP3449020001,JP3452000007,JP3456000003,JP3459600007,JP3463000004,JP3475350009,JP3481800005,JP3485800001,JP3486800000,JP3491000000,JP3493400000,JP3493800001,JP3494600004,JP3495000006,JP3496400007,JP3499800005,JP3500610005,JP3502200003,JP3505000004,JP3511800009,JP3519400000,JP3522200009,JP3526600006,JP3528600004,JP3535800001,JP3538800008,JP3539220008,JP3539250005,JP3544000007,JP3546800008,JP3548610009,JP3549600009,JP3551200003,JP3551500006,JP3551520004,JP3560800009,JP3566800003,JP3571400005,JP3573000001,JP3574200006,JP3579800008,JP3582600007,JP3585800000,JP3588600001,JP3592200004,JP3595200001,JP3596200000,JP3597800006,JP3598600009,JP3599000001,JP3600200004,JP3605400005,JP3613000003,JP3613400005,JP3619800000,JP3621000003,JP3625000009,JP3626800001,JP3629000005,JP3633400001,JP3634200004,JP3634600005,JP3635000007,JP3635400009,JP3638600001,JP3657400002,JP3658850007,JP3659000008,JP3663900003,JP3665200006,JP3667600005,JP3670800006,JP3672400003,JP3675600005,JP3676800000,JP3678000005,JP3684000007,JP3684400009,JP3686800008,JP3688370000,JP3695200000,JP3711200000,JP3711600001,JP3718800000,JP3720800006,JP3721400004,JP3726200003,JP3726800000,JP3729000004,JP3732200005,JP3733000008,JP3733400000,JP3734800000,JP3735400008,JP3738600000,JP3742600004,JP3743000006,JP3753000003,JP3756100008,JP3756600007,JP3762600009,JP3762800005,JP3765400001,JP3766550002,JP3768600003,JP3769000005,JP3771800004,JP3774200004,JP3778630008,JP3780100008,JP3783420007,JP3783600004,JP3786200000,JP3787000003,JP3788600009,JP3789000001,JP3791200003,JP3792600003,JP3796150005,JP3799000009,JP3802300008,JP3802400006,JP3811000003,JP3814000000,JP3814800003,JP3818000006,JP3820000002,JP3826800009,JP3827200001,JP3830000000,JP3830800003,JP3834800009,JP3835620000,JP3837800006,JP3841800000,JP3842400008,JP3845400005,JP3850200001,JP3854600008,JP3862400003,JP3866800000,JP3868400007,JP3869010003,JP3870000001,JP3870400003,JP3877600001,JP3885400006,JP3885780001,JP3888300005,JP3888400003,JP3890310000,JP3890350006,JP3891600003,JP3892100003,JP3893200000,JP3893600001,JP3894900004,JP3896800004,JP3898400001,JP3899600005,JP3899800001,JP3900000005,JP3902000003,JP3902400005,JP3902900004,JP3903000002,JP3906000009,JP3910660004,JP3914400001,JP3919800007,JP3931600005,JP3933800009,JP3935600001,JP3939000000,JP3940000007,JP3940400009,JP3942400007,JP3942600002,JP3942800008,JP3944130008,JP3951200009,JP3951600000,JP3955000009,JP3967200001,JP3973400009,JP3977400005,JP3982100004,JP3982800009,JP3992400006,KYG0535Q1331,KYG2108Y1052,KYG210961051,KYG217651051,KYG525621408,KYG5427W1309,KYG548561284,KYG9431R1039,MU0117U00026,NZAIAE0002S6,NZAIRE0001S2,NZCENE0001S6,NZFBUE0001S0,NZSKCE0001S2,NZTELE0001S4,SG0531000230,SG1B51001017,SG1F60858221,SGXE34184239,SG1J26887955,SG1L01001701,SG1M31001969,SG1M51904654,SG1M77906915,SG1N31909426,SG1P66918738,SG1R50925390,SG1R89002252,SG1S04926220,SG1S76928401,SG1S83002349,SG1T58930911,SG1T75931496,SG1U68934629,SG1V61937297,SG2B80958517,SG9999000020,SG9999003735,SGXE21576413,SGXE65760014,US89677Q1076
2010-12-31,,,299.63,,18278.0,305076.0,20.0,,19250000.0,2528000.0,,,,15073.0,,684758.0,,,85.0,51460.0,735858.0,,242210.0,8427.0,,108886.0,,,14710.0,,7556.0,,4729.0,,,4384.0,,49183.0,53354.1,12382.0,,,10406.0,22084.0,1430611.0,1968703.0,2407520.0,114703.0,,11749346.0,1170.0,,,,142256.0,19099.0,,4580.0,3665981.0,,,,,143.0,81803.0,9565.0,,,485985.0,,27000.0,1817630.0,8304547.0,,,,,,,,,,,,,149829.7,,,,,,,,41649000.0,,,8650000.0,,,46.38,,,,15708876.0,,37808.0,,,,,,,,,15400418.0,,,432.0,,,,,,,,355608.0,,,,,,,,,235300.0,2231.0,1387000.0,1896.0,,,11061.0,,,,,,,,246000.0,,,10200000.0,,,331000.0,47940.0,69083.0,6000.0,17206.0,,,,,2768333.0,,114900.0,,,,66692.0,,,35031.0,,641400.0,24916.0,165000.0,,,,110942.0,,,,,,,,690000.0,902923.0,33249.0,,272000.0,,,,,,,,,,16437800.0,,,425100.0,,103210.0,93625.0,,,,115294.0,,,,,,,,,21552.0,,,5846.0,,,164731.0,405965.0,18708290.0,,1139046.0,,,14510.0,,,,,,,,,4533000.0,1220000.0,,,15800.0,,207000.0,,,,,,178910.0,114633.0,276439.0,,,7590000.0,370050.0,,,166000.0,13825000.0,36000.0,,,147880.0,179102.0,580645.0,,,405872.0,,361200.0,,,1229.0,,,803.0,256900.0,,,,,,,,2737.0,,1987703.0,,,,46520000.0,,,,78000.0,10451.0,,,,,,,980000.0,7770608.0,133721.0,,,,,,,712461.0,643200.0,2857754.0,,488000.0,279441.0,2792000.0,,,,,703000.0,31158.0,,,,,119369.0,,,,,264535.0,,,3700000.0,994091.0,,,,,111500.0,,,423000.0,,,392965.0,,81288.0,224000.0,,,285000.0,21684091.0,,,2639.0,,,,,2751.39,,,,,,210000.0,,34964.0,934912.0,,,,,,,,,764693.0,,438000.0,432042.0,,,,,,,,,,10160000.0,,1283019.0,,758053.0,236050.0,,26854.0,,,,17957.0,,,,,,,,,,,70800.0,,,143840.0,,438000.0,17636.0,10059000.0,,4442.0,124788.0,,,,,,,,205000.0,,,,,31326.0,,,181400.0,,5552.0,,,,,,,,,,,,2601.5,,1905200.0,864131.0,,,,,,121561.0,,,,,,,,5541322.0,339.0,,,,,,609170.0,,,118930.0,,,,
2011-12-31,,,162.92,,15416.0,297099.0,20.0,,19800000.0,2764760.0,,,13390000.0,13289.0,,730542.0,,,85.0,52800.0,394398.0,,249960.0,8675.0,,102432.0,,,9201.0,15175.0,7765.0,,32675.0,,,5055.0,,39340.0,79268.75,13635.0,,,12396.0,25551.0,1483302.0,2832948.0,2035000.0,146422.0,,12387552.0,1241.0,,,,149941.0,27459.0,6646.0,4580.0,3579410.0,7443.0,,,9641.0,117.55,55137.0,21463.0,3069669.0,34774.0,398653.0,,28000.0,1869330.0,7890419.0,,,,,,,,1726.0,,,5858430.0,616300.0,149829.7,,,,,,,,44250000.0,,,8631000.0,,,20.93,,,,16394997.0,,39543.0,,,,,,,,,16286705.0,,,1101.0,,,,,,,,327155.0,,,,,,,,9220000.0,258000.0,5563.0,1403000.0,1816.1,,,11061.0,,,,,,,,283000.0,,,10200000.0,,,331000.0,37200.0,93731.19,4986.0,17206.0,,,,,3599582.0,,135000.0,,,,66692.0,,,88215.0,,664800.0,24916.0,136000.0,,,,110942.0,,,,184630.0,,,,690000.0,466558.0,33249.0,,249200.0,,,,,,,,,,17984000.0,,,396091.0,,103210.0,167900.0,,,,119453.62,,,,,,,,,23198.0,,,4668.16,,,195816.0,380000.0,20073240.0,,1213398.0,,,17627.0,,,,,,,,,6630000.0,1199000.0,,,15800.0,,225000.0,,,,,,396490.0,122977.0,256768.0,,,7990000.0,361183.0,,,129000.0,12802000.0,37393.0,,,171978.0,159291.0,443901.0,,,405872.0,,361200.0,,,1034.0,,,1475.0,237873.15,,,,,,30057.06,,3063.0,,1987703.0,,,,52540000.0,,,,79000.0,35573.0,2403755.0,,,,,,570197.0,7860000.0,133721.0,,,,,,,195000.0,643200.0,2857754.0,,456000.0,290446.0,2809000.0,,,,,703000.0,26056.0,,,,,119369.0,,972804.0,,,281087.0,425200.0,,3700000.0,964371.0,,,,,129000.0,,,416000.0,,,392965.0,,59328.81,267000.0,,,283000.0,20798601.27,,,3650.0,,,,,3210.0,,,,,,210000.0,,34964.0,932098.0,,,,,,,,,793333.0,,321000.0,254265.0,,,,,,,,,,12510000.0,,1418000.0,,847855.0,216820.0,,26854.0,,,,17119.12,4030000.0,,27190.0,8445.0,,,,,,,3205957.0,,,143890.0,,358000.0,18317.0,4168000.0,,17129.0,122364.16,,,,,,,,91000.0,,,,,31326.0,,,183300.0,,5778.0,,,,,,,,,,,,2187.0,,1930168.0,839047.0,,,,,,259158.0,46.5,,,,,,,5559158.0,1908.0,,,,,,595008.0,13286273.0,,82876.0,,,,
2012-12-31,,,146.86,,16428.0,327239.0,251.0,3747.0,20200000.0,2811000.0,,,9480000.0,10385.0,,730542.0,,,,55383.0,370008.0,931637.0,203120.0,7882.0,,128725.0,,,9843.0,11113.0,8696.0,,38429.0,,,5460.0,,115583.0,79268.75,9987.0,9185.0,,20087.0,25460.0,1542738.0,12866000.0,1801000.0,156986.0,,12534020.0,1160.0,,89381.0,,117886.0,26961.0,8114.0,,3807773.0,6832.0,,,9641.0,143.0,53587.0,10277.0,2508924.0,39209.0,383871.0,,25000.0,1849424.0,8402000.0,,,,,,,,1534.0,,,5871310.0,528300.0,151813.0,,,,,,,,38245000.0,332521.0,,8960000.0,,,20.93,,,,16280465.0,,53568.0,,,,,,,,,16013724.0,,,1016.0,,,,,,,,402893.0,,,,,,,,5480000.0,262000.0,6116.0,1430000.0,3001.31,,,8496.0,,,,,,,,237000.0,,,,,,,48760.0,93731.19,5877.0,,,,,,3599582.0,,135000.0,,,,51203.0,,231852.0,26266.0,,668200.0,3709.9,161276.0,,,,142755.0,,,,145283.0,,,,,536692.0,36559.0,,462280.0,,1147100.0,,,,,,,,17213000.0,,98957.0,466568.0,,,147696.0,,,,119453.62,,,,,,,,,23227.0,,,3287.0,,,195816.0,308000.0,18627000.0,,1397314.0,,,18505.0,388000.0,,256645.0,,,,,,6630000.0,1342000.0,,,,,186800.0,,,,,,178832.0,113490.0,220687.0,,,8390000.0,353459.0,,,135109.0,11274000.0,39000.0,,,171978.0,124796.0,1151691.41,,,,332466.0,362400.0,,,2772.0,,,1234.0,202353.82,,54141.0,,,,33765.04,,2517.0,,,,,,46770000.0,585000.0,1250.02,,80000.0,8771.0,2718000.0,,,,,,822000.0,6830000.0,166831.0,,,,,,,187000.0,694279.0,3142752.0,,496000.0,295256.0,2727000.0,,234198.0,,,,27220.0,,100000.0,,,,,1017943.0,,,295193.0,407699.0,,3900000.0,780234.0,,,126000.0,,129500.0,,,420000.0,,,,,13200.0,260000.0,72190.0,,274000.0,20328479.58,,,3650.0,,,,,2400.0,,,,,,,,,968128.0,,,,,,,,,773521.0,,266000.0,235443.0,,,,2003000.0,,,,,,18520000.0,,1240000.0,,743722.0,216820.0,,,,,,17561.0,4060000.0,,23081.0,6121.0,,,,,,,3205957.0,,,160169.0,,362000.0,19832.0,10595000.0,,18013.0,122400.0,,,,,,594214.0,,83000.0,,,,,,,,177400.0,,5738.3,,,,,,,,,,,,2615.0,,2341574.0,803428.0,,4329.0,,,32223.0,272301.0,46.5,,,,,,,5564129.0,1471.0,,,,,,982090.0,13826606.0,,44354.0,,3743.2,,
2013-12-31,,,146.86,,16038.0,322827.0,300.0,3747.0,22000000.0,2676000.0,,,8095000.0,10959.0,,3172000.0,,,,55383.0,367113.0,631497.0,219760.0,9267.0,,113844.0,,,10077.0,10055.0,9253.0,,38429.0,,,5460.0,,166789.0,,7066.0,9185.0,,20087.0,20848.0,1542738.0,13663000.0,1900000.0,204959.0,,12422703.0,10777.0,,89381.0,,111131.0,18468.0,8285.0,,3677867.0,6584.0,,,1711.0,147.0,53645.0,10663.0,2508924.0,39209.0,512855.0,,25000.0,1849610.0,9184000.0,,,36756.0,,,,,2203.0,,,5285450.0,705100.0,151813.0,,,,,,,,38245000.0,801000.0,,8960000.0,,489.53,,,,,16079793.0,,51955.0,,,,,115.15,,,,15913517.0,,,116.0,,,,,,,,318124.0,,6348.0,,,,,,5270000.0,262000.0,6010.0,1334000.0,2954.02,,,9074.0,,,76028.0,,,,,182000.0,,,,,,,44673.0,103762.0,5907.0,,,,,,,,148500.0,11600.0,,21700.0,37039.0,,287405.0,24307.0,,629000.0,2743.3,159000.0,,,12351608.0,138485.0,,,,128068.0,,,,67695.0,536692.0,36613.0,,292000.0,,1078000.0,,,,,,,,16243000.0,,98957.0,485041.0,,171677.0,123754.0,,,,,,,,,,,,,30202.0,,,3287.0,,,221457.0,265000.0,19053000.0,3079000.0,1390679.0,30546.0,,14898.0,388000.0,,256645.0,,,,,,,1308730.0,,,,,193243.0,,,181855.0,,,155323.2,71144.65,221286.0,,,9110000.0,301221.0,,,118100.0,12349000.0,36200.0,15545.0,,,130279.0,936958.0,,,,332466.0,327100.0,,,2947.0,,,1179.0,201757.4,,54141.0,,,164.0,33765.04,,2598.0,,1102357.0,,,,54090000.0,570000.0,1217.0,,80000.0,9006.0,2718000.0,,,2672.0,,,751000.0,6790000.0,159000.0,,,,,,,179000.0,700341.0,3168024.0,,477000.0,293624.0,2727000.0,,193071.8,,,855900.0,26523.0,,100000.0,,40510.0,,,835766.0,,,283957.0,410098.0,,3500000.0,777367.0,,,120000.0,,129500.0,,,406000.0,,,76123.0,,17366.0,240000.0,72190.0,,279000.0,20328479.58,,,3629.0,,,,,2865.2,,,,,,,346000.0,41967.25,912154.0,,,,,,,,28030.0,743856.0,187000.0,225000.0,209826.0,,156000.0,10619.0,2036000.0,,,,,,18520000.0,,1410000.0,,654169.0,150500.0,,,10727.0,148.0,,16177.0,3760000.0,689000.0,23005.0,6277.0,,5592.0,,1364000.0,,,3205957.0,,,155349.0,,322000.0,18556.0,10626000.0,,17918.0,122200.0,,,,,,584329.0,,79000.0,,190658.78,,,,,,177400.0,29448.78,7232.0,152264.0,,,,,,,,,,,2404.0,,2697975.8,848236.0,,4329.0,,,39454.0,70175.0,,,,,,,,6400000.0,2902.0,,,,,,585185.0,14216294.0,,43118.0,,3886.0,,
2014-12-31,,,,,17611.0,311421.0,100.0,,22700000.0,2459000.0,,62696.0,7840000.0,10540.0,,153239.0,,,,,313461.0,559304.0,219259.0,11050.0,,113844.0,,,9556.0,10012.0,9181.0,,,,,,,122863.0,,11441.0,,,,23481.0,,14934000.0,1600000.0,231389.0,,11938500.0,11144.0,,,,106935.0,22101.74,8158.0,,3936602.0,6311.0,,,1807.0,149.0,52537.0,10270.0,,,498030.0,,25000.0,1704466.0,9822000.0,,,59603.0,,,,,3636.0,,389294.9,4903190.0,902000.0,,,,,,,,,,725000.0,32251.0,,,2413.89,,,,3621.0,17065098.0,,59520.0,,,,,118.42,391473.0,,,16654795.0,,,36.0,,,,,,,,317756.0,,5895.0,,,,,,5320000.0,362581.0,6236.0,1283000.0,4093.0,,,9074.0,,,76028.0,,,,,147000.0,,,,,,,44673.0,103762.0,8764.0,9888.0,,,,5744000.0,4003000.0,,145500.0,12100.0,,21700.0,48457.0,,287405.0,19849.0,,657000.0,6043.2,173000.0,,,12351608.0,138485.0,,,,176894.0,,,,66155.0,369000.0,36613.0,,325000.0,,1763766.0,,,,,,,,16243000.0,,,608334.0,,164000.0,111200.0,,,,,,,,,,,,,26802.0,,,,,,221457.0,361000.0,18860000.0,3104000.0,1218402.0,32442.0,,15333.0,,,,,,180000.0,,,2397000.0,1594000.0,,,,,193243.0,,,107892.0,,13958.0,155323.2,71144.65,198164.0,,,9480000.0,304244.0,,,163000.0,14750000.0,30218.0,15545.0,,,135964.0,936958.0,,,,,327100.0,,,3505.3,,,917.0,232000.0,,,,,164.0,,,2388.0,,1102357.0,80900.0,,,54090000.0,640000.0,4799.0,,80000.0,11151.0,2800000.0,,,3493.0,,,780000.0,6920000.0,167000.0,,,,,,,555000.0,700341.0,3168024.0,,370000.0,275878.0,2800000.0,,193071.8,,,855900.0,24773.0,,,,41088.0,,,780970.0,,,283957.0,406506.0,,3200000.0,762226.0,,,120000.0,,,,,393000.0,,,60000.0,,17366.0,220000.0,,,279000.0,,,,3085.0,2000.0,,,,3004.0,,,,,,1190000.0,346000.0,41967.25,830000.0,,,,,,,,28030.0,743856.0,187000.0,216000.0,209826.0,,148000.0,10348.0,1955000.0,,,,,,,,1410000.0,,610000.0,150500.0,,,13044.0,137.0,,15546.0,3760000.0,647600.0,23057.0,10526.0,,5806.0,,1460000.0,43219.0,,1867000.0,,137000.0,151200.0,,370000.0,13139.0,10891000.0,,15900.0,122200.0,,,,,,459000.0,,82000.0,,166518.95,,,,20666.0,,183500.0,29448.78,6500.0,73408.0,,,,,,,,,,,2161.0,,1624000.0,848236.0,,2102.0,,,29598.0,61488.0,,,,,,,,5700000.0,7363.0,,,,,,608436.0,14081200.0,,63936.0,,3030.0,,
2015-12-31,,,,,22688.0,350922.0,29.0,,20700000.0,1871000.0,,51835.0,7810000.0,9729.0,,77412.0,,,,,351912.0,559304.0,220568.0,15881.0,,,,,13313.0,10012.0,10600.0,,37181.0,,,,,86876.0,,9867.0,,,,23052.0,,16918000.0,1800000.0,180290.0,,11707259.0,12400.0,,83000.0,,105213.0,26368.42,8326.0,,4350000.0,5926.0,,,1969.0,1944.0,52003.0,10830.0,,,525635.0,,,938697.0,9974000.0,,,60675.0,,,,,7367.0,,381745.9,5375230.0,1043000.0,,,122800.0,,,,388909.0,,,898000.0,25430.0,,,967.94,,846.0,,5791.0,17740000.0,,52796.0,,,,,114.15,458159.0,,,17368305.0,,,52.0,,,,,,,280.0,302387.0,13884.0,6154.0,,,,,,4930000.0,360934.0,5664.0,1167816.0,3755.0,,,,,,,,,,,124000.0,,3027.0,,37519.0,,,,103640.0,6072.0,10543.0,,,,6191000.0,3916764.0,,159500.0,12000.0,,,62636.0,,236214.0,13583.0,,667000.0,5729.3,204000.0,,,,,45710000.0,,,169974.0,8490.0,,,64706.0,391000.0,,,363000.0,,1173000.0,,,,,,,,,,,550454.0,,171425.0,104900.0,,,,,21000.0,,,,42876.0,,,,48009.0,,,4000.0,,1458.0,,191000.0,18803000.0,3130000.0,1401137.0,38660.0,,21924.0,430136.0,,,,,630000.0,,,2403000.0,2330000.0,,,,,,,,116061.0,,13485.0,,80000.0,190835.0,,,10209000.0,289420.0,,,124000.0,14750000.0,33880.0,,,,123960.0,,,39322.0,,,,,,4680.0,,,831.0,274000.0,,,,59200000.0,3310.0,,92536.0,2358.0,,900000.0,77111.0,,1856000.0,,620000.0,4482.0,,77000.0,20000.0,3077000.0,,,3243.0,97221600.0,,750000.0,6740000.0,171000.0,,,,,,,538000.0,,,,331000.0,265694.0,2720000.0,,,,,,24773.0,,,8723.0,41332.0,,,861457.0,,,,439412.0,,3100000.0,750124.0,,,106000.0,,,,,395000.0,,,58000.0,,,220000.0,,,332000.0,,,,3116.0,1000.0,,,,2554.0,,,,,,1080000.0,,,810000.0,,,,,,,,,,,197000.0,,,138000.0,29389.0,1856000.0,,,27374.0,,,,,1380000.0,,470000.0,,,,12580.0,135.0,,15735.0,,647600.0,22983.0,16308.0,,5577.0,,384000.0,27373.0,,1802000.0,,132000.0,151200.0,,400000.0,11947.0,10923000.0,,14830.0,,,,,,,458000.0,,102978.0,,149000.0,,,,15762.0,174.0,181000.0,,6100.0,52580.0,,,,,,,,,,,2408.0,3073455.0,1495719.0,,5126.0,1842.0,,,28663.0,60189.0,,,,,,,,6900000.0,62281.0,,,,,8641.0,687128.0,13786370.0,,36478.0,,3190.0,,
2016-12-31,,,,,21122.0,1084236.0,11.0,,11300000.0,1733000.0,,41195.0,8270000.0,9063.0,,1963000.0,,,,,445151.0,,218900.0,17686.0,,,,,13621.0,,13027.0,,49624.0,,,,,86745.0,127.0,6179.0,,,,18373.0,,16977000.0,1800000.0,142669.0,,12070474.0,8686.0,15334.0,131000.0,,82241.0,35036.0,8386.0,,5040000.0,5306.0,,,1978.0,2020.0,50628.0,11102.0,,19118.0,1301505.0,,,733537.0,10084000.0,,,519459.0,,,,,5370.0,,399180.0,5350920.0,1028000.0,,,215600.0,,,,57.0,1456.83,,834000.0,29708.0,,,2285.31,54.4,846.0,,62175.0,17938000.0,1758.34,53907.0,684.6,,,87.0,15661.0,450871.0,,475000.0,17200000.0,,,38.0,,,1906.0,,,,277.0,281108.0,7371.0,6767.0,,3973.0,,,,5290000.0,366914.0,4835.0,1251654.0,3880.0,,,,,,,,,74962.0,,127000.0,,3543.0,11530000.0,29698.0,,,,97263.0,6073.0,10543.0,18900.0,,,6364000.0,3857405.0,,163600.0,11000.0,,,72485.0,,235780.0,13564.0,,649000.0,5483.1,204000.0,,,13267268.0,176000.0,41800000.0,,,164769.0,8339.0,27500000.0,,64652.0,401000.0,,,313000.0,,1186000.0,,,,,,,,,,,733100.0,,167360.0,90800.0,,,825.0,,22000.0,,,,42876.0,,,,31638.0,,21088.0,4000.0,,1006.0,,153000.0,18676000.0,3184000.0,1593000.0,37660.0,89000000.0,21924.0,411785.0,54700000.0,,,,550000.0,,,1437000.0,2085000.0,,,,,,,,116826.0,,10658.0,140210.0,86000.0,177942.0,,,10653000.0,299975.0,,,128000.0,,33810.0,,,161000.0,119165.0,,,38097.0,,,264000.0,,,5344.0,,,1012.0,283900.0,,44844.0,,56320000.0,3364.0,,95912.0,2315.0,,860000.0,57323.0,,1856000.0,,610000.0,5170.0,38990.0,73000.0,20000.0,3186000.0,,,2553.0,91420800.0,,810000.0,7490000.0,168000.0,,,,,,,529000.0,,3380000.0,,546000.0,254495.0,2490000.0,,,,49866.0,,24210.0,,,7577.0,42968.0,,347118.0,926790.0,,,,397144.0,,3000000.0,728378.0,,352.0,97000.0,,,,,402000.0,,,59000.0,,,197000.0,,21516.75,334000.0,21110000.0,,,2979.0,1000.0,54100.0,,,2589.0,,,,,,1060000.0,,41316.0,770000.0,,,,,,11474.0,,,,,189000.0,256900.0,,155000.0,75333.0,1828000.0,,162.0,23346.0,,,,,1310000.0,,430000.0,,,,14434.0,135.0,,15604.0,4210000.0,,25010.0,16757.4,,5002.0,,284000.0,27350.0,,1725000.0,,110000.0,,,370000.0,11344.0,10346000.0,,14954.0,122000.0,,,,,,458000.0,,98500.0,26000.0,147281.0,,,,12153.0,300.0,154900.0,35612.0,5500.0,42904.0,,2500.0,524594.0,,4517040.0,,,,,,2408.0,3308950.0,1112251.0,1175000.0,4908.0,1842.0,,,46100.0,49035.0,,,,,,,,15100000.0,780.0,,,,,7243.0,1205749.0,13940623.0,,29870.0,,3030.0,,
2017-12-31,,,96.0,,19024.0,1241632.0,48.0,,10500000.0,1772000.0,,18297.0,8670000.0,9694.0,,2236000.0,,,,,453531.0,,224700.0,19695.0,,,,,9706.0,,12368.0,,76482.0,289000.0,,,,83649.0,156.0,4640.0,,433.0,,19376.0,1288105.0,17293000.0,1798800.0,105648.0,,12248233.0,7904.0,15722.0,141000.0,,67266.0,27237.0,8386.0,,5820000.0,7073.0,,,2021.0,2746.0,52680.0,9274.0,,11602.0,667238.0,,,737663.0,9883000.0,0.5,7464392.0,53163.0,,5061.01,,,2896.0,,399180.0,5811600.0,1313000.0,,,246616.0,,821.42,,336799.0,640.9,,822000.0,28217.0,10642009.0,6497.0,4967.91,64.45,852.0,,59227.0,18461000.0,1897.11,55143.0,5559.43,,26601.0,67.1,17309.0,449511.0,,375000.0,17996912.0,20420.22,6870.0,85.0,,,1773.0,,,,324.0,298744.0,8218.0,6504.0,,3213.0,,,2840000.0,5074000.0,360681.0,4461.0,1270429.0,3824.0,,40854.0,,,13731.0,,,,86536.0,,134000.0,,3810.0,11320000.0,41154.0,,53.0,,96734.0,10547.0,,16469.0,,,6587000.0,4089712.0,,135600.0,16000.0,,,50873.0,60000.0,225599.0,26851.0,,653000.0,5619.2,185000.0,,,12971192.0,179000.0,39490000.0,,,174342.0,8339.0,27500000.0,133440.0,68711.0,371897.0,58191.0,,299000.0,,1224000.0,29266.0,,1046.0,,,,,17500000.0,,378273.0,377426.0,,162195.0,92000.0,,,818.0,,23000.0,,16623.0,,,,,,31332.0,,22513.0,3000.0,,868.0,,149000.0,18203000.0,3115000.0,1650000.0,35769.8,89000000.0,22914.0,431489.0,55000000.0,,,,610000.0,,9150000.0,1294000.0,1785000.0,,64859.0,,,,,,132885.0,,8613.0,140210.0,80000.0,190581.0,56050.0,,11180000.0,267288.0,,,215000.0,,33760.0,,,161000.0,115474.0,1010000.0,,36788.0,,,263000.0,,,26913.0,,6859.0,1015.0,288000.0,,46032.0,,57980000.0,1057.0,,78795.0,1997.0,,750000.0,68444.0,,,,680000.0,5432.0,44332.0,71000.0,17000.0,3712000.0,,,2402.0,89046000.0,,840000.0,7630000.0,173000.0,,,,,,,507000.0,692000.0,3330000.0,,567000.0,246935.0,2550000.0,,,118947.0,50623.0,,35818.0,,,931930.0,43814.0,,316948.0,963661.0,222000.0,,,379870.0,,3000000.0,718425.0,317000.0,368.0,102000.0,,137000.0,93385.0,,388000.0,,,54000.0,,88000.0,190000.0,6960.0,17989.4,341000.0,21830000.0,,,3022.0,1000.0,55200.0,,30374.0,2692.0,,,,,,1380000.0,,44517.0,1360000.0,,,,,2690.0,13209.0,,,661000.0,268962.0,208000.0,220700.0,,209000.0,72819.0,1871000.0,,1794.0,21489.0,,,,,1280000.0,,440000.0,,,3427.0,14920.0,626278.0,,16025.0,4260000.0,,26315.0,16803.0,,4907.0,,314000.0,27281.0,,5961000.0,,102000.0,,,380000.0,11421.0,10412000.0,,14916.0,141000.0,,,27.0,,,,,94547.0,26000.0,149043.0,,,,12580.0,304.0,154900.0,38663.0,5300.0,35080.0,,2600.0,524594.0,,7990748.0,,,,,,,3197011.0,1142575.0,1375000.0,4615.0,3600.0,,,31500.0,54827.0,,,,,,959739.0,110.21,22200000.0,630.0,,,,40250.0,4487.0,248083.0,14085200.0,,73527.0,,3260.0,,
2018-12-31,2151902.0,,122.0,,17970.0,1205766.0,44.71,,10590000.0,2044000.0,,495740.0,8820000.0,8739.0,3.5,2689000.0,728.0,,,,442072.0,712000.0,334700.0,18943.0,13794.0,,,,9874.0,,11461.0,,71123.0,446000.0,,,,141950.0,569.0,6829.0,,518.0,24741.0,19208.0,1386235.0,18162000.0,2244000.0,85258.0,,12390319.0,8314.0,15722.0,141000.0,,80200.0,25453.0,,,5490000.0,8646.0,,,3892.0,4189.0,55131.0,9824.0,,10614.0,663699.0,,,739832.0,9767000.0,3.2,8944665.0,45909.0,,2108.0,51717.8,,5359.0,,,5645570.0,1412000.0,,,48600.0,370000.0,1160.17,777.83,311061.0,2318.42,,807000.0,15125.0,11403116.0,8925.0,3062.65,192.2,837.0,30.0,62405.0,18659000.0,2256.22,50460.0,514.4,,22436.0,74.1,21618.0,423311.0,,253000.0,18405994.0,31417.46,6064.0,38.0,,,25589.0,,,,333.0,262343.0,7701.0,6504.0,,3228.0,,,3100000.0,5300000.0,463000.0,4002.0,1244676.0,3811.0,,38750.0,,,15977.0,,,,1540041.0,1149.0,134000.0,,4083.0,11330000.0,42748.0,,221166.0,8000.0,102666.0,8802.0,,15696.0,,307.0,6595000.0,4888261.0,,151300.0,15300.0,,8500.0,67851.0,60000.0,235249.0,30124.0,,652000.0,5670.1,190000.0,,,13417625.0,176000.0,32814000.0,,,160520.0,7864.0,26400000.0,127270.0,68027.0,377216.0,59772.0,,316000.0,37319.03,2000000.0,6000.0,,1059.0,,,,8554.1,17700000.0,,224332.0,584309.0,,175266.0,116200.0,,,783.0,,25000.0,1338.0,16811.0,,43456.0,,3410.0,,27632.0,,22737.0,4000.0,,730.0,,264000.0,17774000.0,3156000.0,1734000.0,37550.8,86000000.0,23165.0,418037.0,54900000.0,217530.0,9.1,,650000.0,,9390000.0,6678000.0,1858000.0,400000.0,934276.0,36252.29,,,17487.0,,136734.0,,8712.0,,77000.0,526043.0,55408.15,,11520000.0,234291.0,11386.0,14.0,252000.0,22315000.0,30240.0,,,160000.0,108106.0,760000.0,1769000.0,38442.0,,274590.25,269000.0,,,22594.0,,6263.0,998.0,269800.0,,49488.0,21260000.0,56400000.0,1057.0,,127660.0,1893.0,,688000.0,57953.0,,,,690000.0,4981.0,2430000.0,74000.0,17000.0,3902000.0,,,3300.0,84335000.0,,330000.0,7705000.0,181000.0,,,,66998.0,32800000.0,,467000.0,733000.0,3210000.0,,580900.0,239796.0,2550000.0,,,218892.0,63271.0,,40222.0,,,747229.0,44000.0,,265014.0,912476.0,221000.0,59000.0,,381505.0,,2900000.0,700797.0,320000.0,80.0,19000.0,,143000.0,91155.0,,378000.0,,,56000.0,,92000.0,185000.0,6830.0,94000.0,348000.0,20920000.0,,,2992.0,2000.0,56300.0,262.0,30374.0,2727.0,,,1843.0,,,1390000.0,,51000.0,2120000.0,,,,,2332.0,12419.0,,,687000.0,271695.0,198000.0,239000.0,,238000.0,67068.0,1868000.0,,120.0,21466.0,,,16997159.0,,1350000.0,,460000.0,137000.0,,3231.0,14000.0,682406.0,,16028.0,4100000.0,771000.0,27948.0,17120.0,,4588.0,,3448000.0,25644.0,,5469000.0,120634.0,119000.0,188712.0,,310000.0,11836.0,10060000.0,,14474.0,251000.0,,,2.0,322000.0,,657000.0,,87429.0,23000.0,146167.0,,,,15412.0,1152.3,142700.0,40313.0,5100.0,36002.0,,2300.0,,,9451425.0,,5279785.98,,,2046551.0,,3730246.0,1175772.0,896000.0,4640.0,3600.0,,,31400.0,48867.0,,0.02,,,,956731.0,109.13,23672500.0,1547.0,,,2222.0,41266.0,6092.0,26299.0,14176770.0,,77032.0,,3410.25,,
2019-12-31,2156481.0,15400.0,75.0,,16249.0,1229923.0,29.56,,9260000.0,1572000.0,,576791.0,8590000.0,7624.0,4.0,2634000.0,409.0,,7820.0,,306981.0,779000.0,356300.0,17742.0,15330.0,,52500.0,,10133.0,,8357.0,,73963.0,322000.0,106.0,,,118182.0,795.0,6618.0,,569.0,12472.0,19208.0,1377787.0,17976000.0,2092000.0,77271.0,,12372735.0,6600.0,,155000.0,,37400.0,24230.0,,,5830000.0,2739.0,,,5219.0,3393.0,47204.0,9260.0,,32119.0,574831.0,,,673668.0,8840000.0,3.0,8486783.0,104482.0,,1430.0,45754.1,,11180.0,,,5558670.0,1427000.0,,1584918.0,27000.0,390000.0,25993.25,766.02,32310.0,2631.45,,807000.0,20846.0,9681775.0,6953.0,6219.26,193.87,811.0,42.0,62405.0,18668000.0,6046.85,52672.0,605.9,,34303.0,81.1,30374.0,335694.0,,195000.0,18429615.0,30356.87,17489.0,33.0,692854.63,,43425.0,2730.0,,,350.0,281786.0,13858.0,3208.0,,1331.0,790000.0,,3180000.0,6200000.0,492000.0,3848.0,1196969.0,4680.0,,36059.0,19525.0,,15271.0,80032.0,127933.0,33000.0,1213395.0,1011.0,144000.0,,3993.0,11250000.0,45452.0,,183359.0,46000.0,105284.0,8851.0,,14730.0,6800.0,282.0,6394000.0,5051823.0,,127600.0,10300.0,,9500.0,43826.0,62000.0,907345.0,27557.0,,644000.0,5268.0,205000.0,,,12536134.0,162000.0,28657000.0,,,151504.0,7275.0,17560000.0,122851.0,17244.0,377000.0,57884.0,,310000.0,36032.17,2060000.0,10000.0,,3110.0,1618.0,,,7793.7,16400000.0,,191551.0,8887000.0,,169835.0,114400.0,,,958.0,,26000.0,1198.0,17018.0,,43456.0,,4447.0,,27036.0,,22092.0,4000.0,10379.0,653.0,234209.0,265000.0,12199000.0,3562000.0,1696000.0,38472.0,81337000.0,73273.0,440000.0,52300000.0,209800.0,9.3,,620000.0,,9280000.0,6065000.0,1839000.0,404000.0,939346.0,37674.0,,,18916.0,,127737.0,418565.0,7199.0,203000.0,73000.0,714223.0,63404.94,,11470000.0,187000.0,11456.0,108.0,284000.0,22537000.0,34400.0,12153.0,,195058.0,100503.0,690000.0,1736000.0,38442.0,,270647.0,248000.0,11617.0,,25511.0,4402.0,6499.0,944.0,268700.0,2591.0,48089.0,20343309.0,53128465.0,,32061.0,120978.0,1816.0,,712000.0,57483.0,,,53990000.0,675000.0,4888.0,2164000.0,71000.0,24000.0,3588000.0,123541.25,324567.0,17429.0,81604000.0,,340000.0,7797000.0,179000.0,,7186.9,,66549.0,31900000.0,168400.0,449000.0,709000.0,3310000.0,6680000.0,568000.0,235048.0,2500000.0,,,406403.0,58087.0,1173400.0,38130.0,,,659251.0,43000.0,,245469.0,725000.0,237000.0,87000.0,243800.0,365138.0,,3103000.0,663125.0,320000.0,51.0,14000.0,209705.0,142000.0,88066.0,,368394.3,516.0,,52000.0,999000.0,73000.0,250000.0,70100.0,96000.0,348000.0,14090784.0,39794.0,527.7,2960.0,1000.0,56000.0,435.0,31317.0,2755.0,,132635.0,6156.0,,,1200000.0,,110000.0,1870000.0,,,150000.0,2283.5,2212.0,12295.0,,,672000.0,265049.0,147000.0,273800.0,5045.0,197000.0,21622.0,1807000.0,,89.0,22379.0,,,16472464.0,,1380000.0,1644.0,410000.0,135000.0,,2911.0,15109.0,726708.0,,15845.0,3780000.0,748000.0,26161.0,14863.0,,4376.0,89000.0,3189000.0,24234.0,,6274107.0,108289.0,119000.0,184647.0,,278000.0,10795.0,9816000.0,,15007.0,312000.0,,,3614.0,395000.0,10000.0,668367.0,,82093.0,22000.0,155847.0,,,,15015.0,2591.0,141900.0,40254.0,4400.0,151469.0,,2400.0,,210000.0,9003430.0,4263204.1,5465463.5,,,3820820.0,2472.0,3925650.0,985905.0,812000.0,4761.0,3500.0,,4404200.0,32300.0,52208.0,51.0,1547.0,,20.0,,1046348.0,247.0,25851300.0,402.0,,,2638.0,52843.13,6652.0,29564.0,16502746.0,786.7,82432.0,12.0,4872.0,,44.85
2020-12-31,2125121.0,13300.0,355.0,122720.0,11762.0,1322249.0,30.12,2483.0,9600000.0,1350000.0,558.0,607423.0,8420000.0,12526.0,2.0,2391000.0,559.0,2298.0,263.0,,267905.0,755400.0,320686.0,17299.0,14574.0,,52500.0,,6904.0,,6751.0,,63536.0,399000.0,159.0,,300.0,106565.0,6119.0,7457.0,,477.0,14110.0,16579.0,1378676.0,16014000.0,1849000.0,85555.0,,9340721.0,6565.0,55544.0,175000.0,,76100.0,21028.0,7654.0,,5310000.0,2137.0,,,4523.0,4213.0,36905.0,7594.0,,36928.0,477376.0,,,576611.0,9170000.0,1.0,8369513.0,83558.0,,1438.0,35588.6,,6631.0,470667.0,19565.0,5538510.0,1477000.0,,1001131.0,18000.0,200000.0,4897.72,673.64,35471.0,3488.44,45105000.0,1682000.0,17024.0,6503836.0,7359.0,3150.93,144.52,892.0,23.0,42750.0,226000.0,3471.32,47236.0,4045.1,,53880.49,89.1,16331.0,32002.0,3126916.51,147000.0,7534910.0,9049.94,11409.0,166.0,709107.1,,21960.0,3342.0,,46957000.0,629.0,309996.0,12902.0,3208.0,6238.0,1293.0,630904.0,,2961401.0,6469000.0,463000.0,2873.0,1013315.0,4480.0,9844.0,32912.0,44174.0,,13840.0,64724.0,126547.0,24000.0,1202508.0,1011.0,142000.0,,4006.0,11400000.0,49457.0,50907.0,172427.0,43000.0,93000.0,9057.0,179000.0,52.18,6500.0,300.0,6323000.0,4659553.0,368555.0,258800.0,9650.0,,10100.0,34394.0,52000.0,1138566.0,27893.0,2187.0,616000.0,4572.0,170000.0,966000.0,,10325224.0,168956.0,26632000.0,,,122514.0,5765.0,19040000.0,162899.0,17185.0,357000.0,53285.0,,291000.0,34101.88,2045000.0,26000.0,,3016.0,1679.0,100889.0,90657.0,7276.0,15600000.0,106000.0,188330.0,7630000.0,,166845.0,128000.0,,,975.0,,25000.0,1102.0,15296.0,,,7390000.0,4093.0,1360.0,25968.0,1638.0,19763.0,3000.0,18465.0,561.0,191440.0,252000.0,11136501.0,3408000.0,1890000.0,38556.0,78693000.0,66181.0,408000.0,52900000.0,215000.0,6.1,,530000.0,,9050000.0,6169000.0,1943000.0,367000.0,792000.0,39765.0,64000.0,333000.0,42445.0,,122263.0,403767.0,5782.0,212000.0,71000.0,771882.0,68472.86,394000.0,12373420.0,188000.0,15803.0,107.0,279000.0,25000000.0,39000.0,24953.0,86000.0,333000.0,93934.0,687000.0,1686000.0,35963.0,,253064.0,244000.0,12596.0,,25169.0,4277.0,5949.0,868.0,274300.0,2493.0,42771.0,19106197.0,60000.0,,36441.0,111341.0,1746.0,,712000.0,60775.0,13.0,,53330000.0,711000.0,3540.0,1825000.0,73000.0,28000.0,3467000.0,147932.0,303698.0,14950.0,191000.0,4645.0,320000.0,7727000.0,182000.0,,6841.5,,62353.0,30600000.0,167600.0,436000.0,699000.0,3280000.0,7165000.0,545000.0,247032.0,2940000.0,123000.0,235170.0,421341.0,53832.0,1189300.0,37052.0,,162364.0,979348.0,42000.0,,221264.0,764929.0,254000.0,91000.0,246700.0,343471.0,,2970000.0,662000.0,309000.0,144.0,1061000.0,215678.0,132000.0,88901.0,,339916.9,400.0,,26000.0,734000.0,62000.0,250000.0,64700.0,86000.0,348000.0,13360688.0,38172.0,573.5,2814.0,1000.0,54400.0,403.0,32604.0,2661.0,12796.0,129656.0,6271.0,,,1400000.0,,101000.0,1530000.0,,,148000.0,2075.9,1995.0,13026.0,,,633000.0,277034.0,87000.0,221900.0,4838.0,172000.0,17362.53,1504000.0,,88.0,21000.0,,,14250000.0,13090000.0,1240000.0,4516.0,390000.0,122000.0,,3265.0,13956.0,773198.0,10256.0,14756.0,3770000.0,766000.0,23922.0,13526.0,,4432.0,104000.0,3298000.0,22573.0,603000.0,6883788.0,118351.0,110000.0,185000.0,,265000.0,10795.0,9415000.0,67100.0,17478.0,293000.0,,,4203.0,391000.0,11000.0,661193.0,,70898.0,23000.0,130174.0,,,,14000.0,2705.0,136600.0,36723.0,4500.0,129552.0,1784.0,2300.0,,210000.0,8904306.0,1773233.1,5211809.25,0.02,,3898297.0,2397.0,3176634.0,923072.0,804000.0,4736.0,2485.0,,3043500.0,34000.0,50645.0,45.0,992.0,,14.0,,756097.0,121.8,26303500.0,1455.0,,,1484.0,46370.0,5881.0,42046.0,16283295.0,1618.1,102364.0,194.1,4515.0,,34.0
2021-12-31,2092331.0,18900.0,146.0,131350.0,6424.0,1429979.0,22.0,1466.0,10100000.0,1320000.0,429.0,559457.0,8840000.0,8768.0,0.99,115000.0,474.0,3583.0,294.0,,280065.0,859500.0,306868.0,15763.0,55419.0,,,3313.0,7747.0,,5600.0,1.5,63336.5,348000.0,80.0,,427.56,39259.0,2051.0,6342.0,,465.0,15055.0,10821.0,1368391.0,14890000.0,1628000.0,94720.0,,3236753.0,6526.0,54982.0,165000.0,,72100.0,4999.0,34677.0,,6400000.0,1826.0,,191.0,2668.0,4598.0,33085.0,7851.0,,25555.0,425836.0,6585.0,,551804.0,8901000.0,1.0,7488261.0,85837.0,350000.0,1299.0,10220.0,4394700.0,4360.0,480112.0,24272.0,5544130.0,3406000.0,,1390803.0,14000.0,530000.0,2869.52,574.74,42426.0,3491.21,47690000.0,1808000.0,17577.0,6981321.0,6548.0,2636.0,70.16,7061.0,548.0,37885.0,171000.0,5750.62,47999.0,2906.5,2636.0,61898.33,25.2,14842.0,5950.0,3035668.3,228000.0,6020691.0,15023.52,106612.0,102.0,449276.1,13.0,30199.0,3061.0,153036900.0,53691340.0,577.0,355206.0,11756.0,3304.0,5608.0,1212.0,577100.0,,2906814.0,6880000.0,494000.0,3082.0,1008811.0,3810.0,8330.0,35109.0,31985.0,2598.0,14627.0,58517.0,114195.0,33000.0,1522339.0,,155000.0,,3674.0,10690000.0,45009.0,52930.0,198116.0,38000.0,86000.0,7241.0,204000.0,3473.0,5000.0,166.0,6267000.0,5215428.0,362336.0,221200.0,9750.0,80000.0,10100.0,20047.0,46000.0,987771.0,28427.0,1182.0,605000.0,3618.5,124000.0,933000.0,32055.91,9202613.0,139502.0,28572000.0,15339.0,110900.0,142655.0,5800.0,22110000.0,128088.0,16402.0,353000.0,46881.0,16969.0,309000.0,33458.44,1973000.0,14000.0,1023.0,2816.0,1526.0,100889.0,67847.0,7270.0,14500000.0,99000.0,188371.0,6658000.0,35565.0,147379.0,104100.0,90000.0,4835.0,912.0,,27000.0,998.0,14860.0,,,8540000.0,4034.0,1442.0,28744.0,1600.0,16770.0,2000.0,21764.0,561.0,153344.0,270000.0,9831022.0,3481000.0,2111000.0,45131.0,63170000.0,63867.0,399000.0,46600000.0,216000.0,3.0,,380000.0,36692.0,8700000.0,6346000.0,1877000.0,398000.0,1527000.0,36572.0,43000.0,327000.0,41447.0,164.0,124929.0,397519.0,6093.0,203000.0,86000.0,741000.0,60908.8,371224.0,5414000.0,203000.0,15416.0,85.0,242000.0,24029000.0,42000.0,21055.0,87286.0,293000.0,87252.0,550000.0,1645000.0,34224.0,,292063.0,327000.0,10614.0,19514.0,25420.0,3336.0,5428.0,842.0,216400.0,2425.0,48898.0,17392081.0,110000.0,52942.0,37637.0,136021.0,1882.0,,710000.0,62085.0,19.0,,53580000.0,576000.0,3195.0,2070000.0,71000.0,29000.0,3927000.0,138129.0,255485.0,15802.0,203000.0,4394.0,280000.0,7588000.0,167000.0,,5460.0,,70269.0,31140000.0,166300.0,388000.0,718000.0,2810000.0,6760000.0,466000.0,241728.0,2450000.0,99000.0,223266.0,399786.0,54668.0,1136800.0,33898.0,,139084.0,721934.0,42000.0,84325.0,220243.0,550000.0,284000.0,87000.0,237900.0,363488.0,,2817000.0,567000.0,264000.0,114.0,987000.0,218628.0,120000.0,59000.0,,352204.66,916.0,,22360.71,871000.0,60000.0,238000.0,62100.0,80000.0,349000.0,11650054.0,42027.0,591.3,2152.0,1000.0,53893.0,325.0,38596.0,2689.0,12599.0,104772.0,6039.0,139059.0,,1440000.0,,98988.0,1220000.0,,40669.0,136000.0,1933.8,1867.0,10029.0,47059.42,24092.0,642000.0,165851.0,75000.0,202200.0,4192.0,143000.0,18355.54,1722000.0,,76.0,16000.0,,,16690000.0,12800000.0,1120000.0,4876.0,330000.0,97000.0,,4092.0,11090.0,797975.0,8708.0,14053.0,3740000.0,779000.0,19686.0,11405.0,,4307.0,115000.0,3868000.0,17030.0,653000.0,6773666.0,116914.0,80000.0,151000.0,4771.0,242000.0,29512.0,9176000.0,79100.0,13163.0,278000.0,20009.0,,3672.0,386000.0,54000.0,668554.0,55000.0,63276.0,22000.0,151002.0,4500.0,,35500.0,11727.0,1647.0,117328.0,35161.0,4300.0,129979.0,1611.0,3700.0,,260000.0,8055033.0,1141981.9,5133639.15,0.03,,8324720.0,1674.0,1333192.0,1044744.0,823000.0,4454.0,2799.0,,3001300.0,36000.0,61911.0,65.0,757.0,,42.0,572.0,834891.0,113.5,25936300.0,2646.0,237.0,,1680.0,48000.0,7643.0,28628.0,3953606.0,1172.5,76427.0,212.0,3327.0,,27.0
2022-12-31,1922718.0,6579.0,29.0,135414.0,5819.0,1492977.0,34.0,1363.0,9100000.0,1330000.0,423.0,569509.0,8680000.0,6667.0,40.67,115000.0,251.0,2392.0,325.0,104100.0,275488.0,1247000.0,325582.0,12764.0,64387.0,,,3105.0,8806.0,237.0,4869.0,1.5,62168.3,421000.0,72.0,,525.19,22646.0,15125.0,7125.0,,343.0,14576.0,6619.0,1397980.0,12801000.0,1678000.0,95387.0,11.0,4734407.0,7179.0,83371.0,145000.0,68.0,80500.0,3902.0,35796.0,27.0,5870000.0,1543.0,2486.63,191.0,3265.0,5300.0,31869.0,7297.0,,22238.0,495276.0,6521.0,,727358.0,9565000.0,,7327908.0,84895.0,236000.0,1027.0,7020.0,4839300.0,4230.0,460708.0,19007.0,5815100.0,2592000.0,107000.0,1484747.0,50000.0,140000.0,5616.7,555.38,46006.0,1795.56,44141000.0,1830000.0,16346.0,6942303.0,4336.0,3942.0,100.58,5137.0,789.0,45202.0,120000.0,2807.42,49239.0,3735.5,3942.0,70584.0,7.9,17152.0,4942.0,2661207.32,202000.0,5349881.0,11778.23,238468.21,307.0,596288.9,94.0,25213.0,7634.0,152569700.0,61730728.0,575.0,326718.0,4819.0,3011.0,5135.0,1233.0,602011.0,,3080947.0,5968000.0,492000.0,3034.0,1005363.0,3750.0,8069.0,33101.0,43973.0,3332.0,16721.0,64270.0,128074.0,32000.0,1484602.0,262.0,183000.0,,4260.0,3790000.0,46534.0,63006.0,196261.0,41000.0,106000.0,24495.0,152000.0,3284.0,7700.0,156.0,6398000.0,4526038.0,333153.0,146656.0,9730.0,80000.0,9830.0,13749.0,48000.0,1044892.0,30185.0,1553.0,595000.0,3477.1,245000.0,912000.0,32969.12,6583464.0,134855.0,23771000.0,70633.0,112300.0,159899.0,6017.0,17490000.0,134684.0,16221.0,361479.0,40141.0,17081.0,302000.0,30700.0,1877000.0,14000.0,388.0,2744.0,1609.0,83990.0,64226.0,6405.84,15300000.0,115000.0,190313.0,6339000.0,35986.0,158938.0,123000.0,95000.0,5003.0,848.0,,28000.0,973.0,14820.0,,,9660000.0,4023.0,1271.0,23912.0,1483.0,18383.0,2243.0,18148.0,764.0,197818.0,279000.0,10740429.0,3387000.0,2077000.0,48076.0,71311000.0,67085.0,357000.0,51900000.0,201000.0,4.2,10.0,400000.0,35613.0,8810000.0,6592000.0,1786000.0,377000.0,1621000.0,38419.0,37719.0,343000.0,44000.0,150.0,124724.0,396730.0,7049.0,220000.0,52917.0,554000.0,58832.48,345641.0,7695000.0,211000.0,12052.0,1299.0,245000.0,23679000.0,44000.0,20197.0,84081.0,316000.0,89405.0,600000.0,1654000.0,41747.0,423000.0,341610.0,346000.0,11023.0,21398.0,27687.0,3449.0,5208.0,954.0,221400.0,2766.0,50265.0,18499954.0,270000.0,60395.0,39385.0,146774.0,1835.0,9171.0,770000.0,66667.0,13.0,1620000.0,47950000.0,602000.0,3267.0,2018000.0,71000.0,16000.0,3071000.0,146952.0,321930.0,18234.0,203000.0,3867.0,300000.0,7787000.0,188000.0,,5534.4,204000.0,94542.0,32815000.0,166300.0,399000.0,720000.0,3043571.0,6809000.0,510000.0,380193.0,2480000.0,101000.0,366621.0,472267.0,46100.0,1064300.0,34736.0,599.0,142161.0,721769.0,74316.0,87856.0,238958.0,588000.0,293000.0,86000.0,134600.0,330370.0,142000.0,3028000.0,546000.0,290100.0,110.0,1087000.0,207069.0,127000.0,65000.0,60407.0,340169.91,1129.0,986.0,22000.0,790000.0,57000.0,141000.0,64400.0,79000.0,492000.0,12678695.0,28132.0,345.5,1924.0,1000.0,56400.0,354.0,40487.0,2484.0,11233.0,104693.0,5540.0,174778.0,1101.0,1510000.0,,99295.0,1270000.0,251000.0,40519.0,151000.0,1517.7,1679.0,9738.0,52804.27,24240.0,674000.0,162671.0,70000.0,154500.0,4296.0,128000.0,18724.36,1794000.0,3011.0,75.0,16000.0,680000.0,,18760000.0,14100000.0,1160000.0,20930.0,337279.0,97000.0,2225.0,3317.0,10540.0,1016487.0,7943.0,11306.0,3740000.0,797000.0,17584.0,19071.0,,4225.0,140000.0,3771000.0,17581.0,770000.0,21046000.0,120713.0,92000.0,171000.0,6664.0,276000.0,27431.0,9069000.0,107000.0,13022.0,260000.0,16903.0,,3721.0,383000.0,53000.0,673213.0,59000.0,63691.0,24000.0,154950.0,4138.0,263000.0,31600.0,12015.0,1745.0,114664.0,35941.0,4200.0,164180.0,1736.0,2400.0,32575.32,253700.0,7871213.0,1182431.5,4729594.66,0.03,206755.5,7812543.0,2004.0,1512886.0,786842.0,793000.0,4514.0,2372.0,2894.0,4389800.0,45000.0,53902.0,35.0,318.0,5800.0,33.0,491.0,835048.0,113.5,25229900.0,1799.0,131.0,,2269.0,49050.0,6322.0,29420.0,7788420.0,2175.9,81647.0,561.0,3930.0,4020000.0,19.0
2023-12-31,1798170.0,4594.0,27.0,121369.0,6185.0,1379338.0,50.0,1390.0,8000000.0,1330000.0,399.0,538977.0,8510000.0,7891.0,34.9,,916.0,2640.0,384.0,135000.0,272788.0,1133000.0,339179.0,12051.0,59221.0,,22554.0,3492.0,7525.0,351.0,5617.0,,105437.9,454000.0,53.0,,329.46,26217.0,1091.0,9632.0,,385.0,13225.0,7590.0,1386578.0,13690000.0,1446000.0,95387.0,43.0,9720687.0,7832.0,81885.0,145000.0,88.0,81500.0,3041.0,32503.0,3.37,5500000.0,1811.0,2486.63,429.35,3375.0,5923.0,30738.0,6559.0,845870.0,22334.0,482624.0,6189.0,,683969.0,9165000.0,,7038127.0,78497.0,236000.0,3001.0,7065.0,4992100.0,4867.0,373839.0,32918.0,6277700.0,2870000.0,150000.0,1671996.0,45000.0,100000.0,10525.89,463.06,8024.0,1932.02,38163000.0,1596000.0,16654.0,6875967.0,5080.0,4034.0,137.87,19434.0,1754.0,20180.0,110000.0,3288.88,50366.0,3541.5,4034.0,62802.0,8.5,20392.0,116668.0,2965066.16,176549.69,11574068.0,26228.86,428238.27,288.0,707629.6,96.0,10376.0,14268.0,139392600.0,48805239.0,548.0,279920.0,4354.0,2785.0,5542.0,1440.0,533137.0,1193.0,2853917.0,5852000.0,476000.0,3116.0,973780.0,3450.0,7230.0,32399.0,16770.0,2783.0,14293.0,61469.0,196182.0,30000.0,1166000.0,345.0,177000.0,,3982.0,3390000.0,47507.0,63646.0,156403.0,39000.0,101000.0,50848.0,86000.0,3135.0,8600.0,217.0,6399000.0,4405987.0,327309.0,283753.0,8500.0,75795.0,8200.0,4177.0,74866.0,981519.0,28935.0,1233.0,539000.0,3384.8,291000.0,791000.0,31356.45,6649847.0,136736.0,23048000.0,70185.0,107700.0,161639.0,5665.0,23690000.0,122710.0,16780.0,353404.0,77233.0,15121.0,284000.0,28439.0,1748000.0,13000.0,342.0,18069.0,1544.0,84203.0,65824.0,5991.2,14700000.0,106900.0,192795.0,6622000.0,36877.0,151422.0,128000.0,84000.0,4883.0,843.0,,86000.0,959.0,16948.0,,41376.0,8090000.0,13986.0,1177.0,21105.0,1185.0,18487.0,2330.0,10356.0,775.0,153596.0,331000.0,10858677.0,3292000.0,2246000.0,44135.0,63403000.0,64841.0,34000.0,49000000.0,201000.0,11.2,51.0,420000.0,27789.0,8230000.0,5673000.0,1965000.0,377000.0,1528000.0,36272.0,51959.0,305000.0,44000.0,152.0,159196.0,378524.0,6620.0,187000.0,55483.0,217000.0,56405.3,214388.0,9354000.0,230000.0,15127.0,1482.0,217000.0,20065000.0,42000.0,19910.0,69280.0,277000.0,86006.0,547000.0,1713000.0,33708.0,367000.0,278059.0,321000.0,9812.0,27829.0,88383.0,3211.0,5444.0,840.0,237900.0,2408.0,47991.0,19610803.0,290000.0,86336.0,42972.0,146350.0,1697.0,7816.0,750000.0,67148.0,13.0,1559000.0,48910000.0,566000.0,4501.0,1900000.0,71000.0,22000.0,4394000.0,142878.0,369454.0,14456.0,205000.0,18010.0,270000.0,7645000.0,168000.0,128683.0,6042.8,200000.0,83749.0,31069000.0,182900.0,389000.0,712000.0,2810029.0,6515000.0,452000.0,304695.0,2370000.0,106200.0,355411.0,471820.0,66092.0,1039000.0,34668.0,563.0,144604.0,751233.0,77994.0,82943.0,230424.0,585000.0,296000.0,83000.0,109300.0,299497.0,158000.0,2910000.0,547000.0,252000.0,106.0,1103000.0,197731.0,107000.0,61000.0,50070.0,336982.2,1176.0,2212.0,20525.08,543000.0,282000.0,166000.0,52900.0,43000.0,500834.0,11255044.0,31997.0,1744.4,2473.0,1000.0,55332.0,160.0,34486.0,2379.0,7130.0,103476.0,6131.0,200435.0,987.0,1520000.0,,92806.0,490000.0,198000.0,40519.0,138000.0,1365.3,1688.0,9558.0,58001.0,22096.0,615000.0,162062.0,65000.0,139300.0,3996.0,152782.0,19040.31,1578982.0,2709.0,73.0,13000.0,697000.0,4325.0,17480000.0,12000000.0,1090000.0,21401.0,405791.0,113000.0,2377.0,2929.0,10043.0,1000124.0,6427.0,12453.0,3545000.0,802000.0,16804.0,15041.0,8500.0,5411.0,183000.0,3006000.0,17700.0,743000.0,19518000.0,110783.0,95000.0,137000.0,20347.0,272000.0,31051.0,919000.0,109000.0,13362.0,264000.0,20329.0,258112.0,3646.0,370000.0,53000.0,659537.0,60000.0,59051.0,22000.0,144959.0,3966.0,251000.0,29200.0,15390.0,2991.0,113620.0,36779.0,4300.0,173711.0,1701.0,1800.0,35747.53,270400.0,7536199.0,1266779.5,5394123.78,,191465.44,7270140.0,2060.0,2839358.0,526621.0,773000.0,5361.0,2694.0,2659.0,4606200.0,45000.0,71631.0,30.0,582.0,4800.0,30.0,507.0,835668.0,,10183900.0,88.0,142.0,17205.59,2231.0,49710.0,6251.0,3091.0,12749292.0,2146.1,86991.0,545.0,1765.0,4370000.0,25.0
2024-12-31,1798170.0,5197.0,26.0,173100.0,5958.0,1905327.0,34.0,1262.0,8200000.0,,328.0,541164.0,8500000.0,7258.0,2.9,,856.0,3344.2,141.0,113000.0,272788.0,1070000.0,296532.0,10059.0,57210.0,,20243.0,3821.0,6590.0,309.0,7192.0,,111033.8,392000.0,47.0,,285.71,31753.0,894.0,10711.0,,392.0,15446.0,7313.0,1386578.0,15567000.0,923000.0,,3.0,11456418.0,7746.0,90260.0,,87.0,79600.0,1905.0,32503.0,7.57,4440000.0,1701.0,2486.63,371.02,3509.0,6072.0,33167.0,6262.0,829889.0,23963.0,463027.0,5878.0,,725975.0,9872000.0,,6552043.0,76919.0,239000.0,2981.0,14733.0,5028700.0,5094.0,489665.0,28284.0,6922800.0,3156000.0,150000.0,1740170.58,71000.0,110000.0,9399.67,364.07,9701.0,6328.83,38055000.0,1628000.0,16961.0,6256096.0,5477.64,4292.0,116.55,13137.0,1051.0,20335.0,79000.0,2254.0,60554.0,3864.8,4292.0,63676.26,10.0,28217.0,123514.0,2833471.11,167000.0,14083146.0,27882.6,389874.72,60.0,705333.74,96.0,8162.0,8712.0,146391900.0,49876065.0,517.0,274114.0,3897.0,2659.0,5302.0,1440.0,525133.0,1313.0,2386214.0,5781404.0,462681.0,3262.0,767084.0,2480.0,6750.0,32904.0,13617.0,2548.0,14293.0,65033.0,182536.0,41000.0,1062488.0,345.0,163000.0,122.0,3478.0,3140000.0,48586.0,53632.0,125385.0,36000.0,91000.0,39507.0,71000.0,6247.0,7300.0,218.0,5890000.0,4441258.0,368733.0,219729.0,8100.0,73856.0,6700.0,3727.0,71424.0,991233.0,25365.0,1187.0,503000.0,3556.9,271000.0,851000.0,32076.58,6550995.0,135163.0,19878000.0,67818.0,99900.0,197992.0,5451.0,17790000.0,115672.0,16133.0,353404.0,126730.0,15233.0,243000.0,31081.0,1917000.0,13000.0,643.0,18105.0,1382.0,88705.0,64124.0,5509.9,14700000.0,106000.0,186383.0,6614000.0,34432.0,147677.0,108000.0,65000.0,4548.0,782.0,,87000.0,935.0,17021.0,24916.0,41376.0,7910000.0,13925.0,1127.0,17825.0,1138.0,17201.0,2624.0,9900.0,744.0,222395.0,290000.0,10779837.0,3300000.0,2242000.0,45737.0,64020000.0,57838.0,34000.0,47400000.0,,12.2,47.0,410000.0,26491.0,7540000.0,4262000.0,1830000.0,,4530000.0,31601.0,54605.0,288000.0,43000.0,166.0,126195.0,371364.0,5801.0,183000.0,50371.0,217000.0,53858.45,234778.0,10579000.0,241000.0,7477.0,1206.0,218000.0,19007000.0,52000.0,18905.0,63932.0,279000.0,85245.0,524000.0,1640000.0,33584.0,332000.0,282856.0,310000.0,10000.0,27093.0,28432.0,3092.0,4862.0,926.0,684500.0,2614.0,51143.0,18050000.0,200000.0,89218.0,42744.0,133616.0,1651.0,7816.0,670000.0,64123.0,498.0,1393570.0,44390000.0,545000.0,3001.0,1745000.0,66000.0,21000.0,4675000.0,141254.0,377996.0,13808.0,211000.0,18544.0,270000.0,7333000.0,141000.0,129255.0,5547.8,200000.0,52077.0,33760000.0,167000.0,370000.0,659170.0,2491279.0,6168000.0,425000.0,256814.0,2560000.0,90000.0,320812.0,444279.0,64066.0,1023800.0,29957.0,482.0,140805.0,577458.0,85000.0,83729.0,180409.0,462000.0,287000.0,150000.0,89300.0,289000.0,140000.0,2922000.0,529000.0,238000.0,95.0,1062000.0,213374.0,102000.0,61000.0,46462.0,320255.02,1176.0,3956.2,19970.08,466000.0,253000.0,150000.0,48000.0,44000.0,430000.0,11424566.0,26950.0,1673.1,2423.0,1000.0,55021.0,355.07,52224.0,3485.0,5765.0,108119.0,7882.0,200435.0,1102.0,1610000.0,,91884.0,400000.0,204100.0,,121000.0,1457.2,1258.0,8760.0,56266.0,20159.0,563000.0,154483.0,64000.0,134300.0,34287.0,146643.0,18840.01,1509385.0,2817.0,73.0,11000.0,646000.0,4739.0,13150000.0,11540000.0,1070000.0,19725.0,316000.0,112000.0,1764.0,2929.0,8115.0,948825.0,6182.0,11566.0,3675000.0,804000.0,15589.0,14142.0,48000.0,4472.0,186000.0,2637000.0,29081.0,715000.0,20537397.0,93034.0,90000.0,129000.0,15007.0,234000.0,27424.0,962000.0,98927.0,13685.0,195000.0,20499.0,230278.0,3554.0,370000.0,48000.0,656732.0,228990.0,57124.0,20000.0,144959.0,4269.0,136000.0,30100.0,11966.0,2991.0,107885.0,34876.0,50316.0,180771.0,1578.0,1100.0,34913.24,277500.0,7037777.0,1298542.8,5781276.75,,187785.92,7027638.0,2063.0,3250851.0,947491.0,752000.0,5072.0,4670.0,2659.0,4644600.0,45000.0,71631.0,32.0,1300.0,5100.0,317.0,3554.0,835668.0,,9054000.0,2886.0,132.0,19150.9,2128.0,50180.0,8415.0,1323.0,15063013.0,1883.1,83630.0,585.0,2440.0,4370000.0,3233.0
