Date,RebalanceYear,Return,Cumulative
2014-01-31,2013,-0.020033294506605008,-0.02003329450660496
2014-02-28,2013,0.02168722461343389,0.0012194635491171724
2014-03-31,2013,0.0015066241164058587,0.0027279249387153204
2014-04-30,2013,0.020603069114589773,0.02338719767935693
2014-05-30,2013,0.043245577667783044,0.06764416822081443
2014-06-30,2013,0.04523650669821408,0.1159406607878446
2014-07-31,2013,0.025912060292984176,0.1448569824735717
2014-08-29,2013,0.015492818608878443,0.16259404403614286
2014-09-30,2013,-0.03017788618088071,0.12750941330065024
2014-10-31,2013,0.030569956226506444,0.16197732671022513
2014-11-28,2013,-0.02649438738357346,0.13119144928543536
2014-12-31,2013,-0.014594447915033433,0.11468233459690791
2015-01-30,2014,0.07575365232368027,0.19912359262331036
2015-02-27,2014,0.0201211786386105,0.2232513726402563
2015-03-31,2014,0.00825343620943661,0.23334739981244845
2015-04-30,2014,0.04558978381547247,0.289575441139273
2015-05-29,2014,-0.0003434725098832043,0.2891325074258211
2015-06-30,2014,-0.015469041488659706,0.26919086318407115
2015-07-31,2014,0.012725521780418672,0.2853419791570284
2015-08-31,2014,-0.04265527674669474,0.23051536132194106
2015-09-30,2014,0.021025563737203476,0.25638764048102347
2015-10-30,2014,0.0600472541024077,0.331830268380112
2015-11-30,2014,-0.04409154696926841,0.2731078115467369
2015-12-31,2014,0.04953493295862102,0.3361711216408012
2016-01-29,2015,-0.04680296780492353,0.2736343476527783
2016-02-29,2015,0.004271327769839845,0.2790744574105295
2016-03-31,2015,0.0654214240137913,0.3627533298339938
2016-04-29,2015,0.010324864208084216,0.37682357291364443
2016-05-31,2015,-0.008544793257846937,0.3650589001305671
2016-06-30,2015,0.024932550478973692,0.39909330006484467
2016-07-29,2015,0.045767928265838434,0.46312690185942773
2016-08-31,2015,-0.022355311034357415,0.4304182448856244
2016-09-30,2015,0.020424863427096707,0.4596343421810407
2016-10-31,2015,-0.005269937663697452,0.45194216018595457
2016-11-30,2015,-0.03742062991022664,0.3976095699585809
2016-12-30,2015,-0.012683778201921132,0.3798826001603439
2017-01-31,2016,0.04735805430027518,0.4452311552667423
2017-02-28,2016,0.036032292703110744,0.4973061472769684
2017-03-31,2016,0.02078051817822384,0.528420944888824
2017-04-28,2016,0.0012620873635711112,0.5303499456495857
2017-05-31,2016,0.031134940403850696,0.5779973000044218
2017-06-30,2016,0.006482212567194875,0.5882262139335099
2017-07-31,2016,0.015936092084110183,0.6135363331291521
2017-08-31,2016,0.0007093452095171537,0.614680887397439
2017-09-29,2016,-0.006174893087003962,0.6047104055481312
2017-10-31,2016,0.03107993646938696,0.6545847030043312
2017-11-30,2016,0.004827398633896192,0.6625720429392801
2017-12-29,2016,0.004067827230504674,0.6693350987682241
2018-01-31,2017,0.018805797876067037,0.7007282772230836
2018-02-28,2017,-0.2522285520453253,0.2717560464365645
2018-03-30,2017,0.004828402920977505,0.2778965970459497
2018-04-30,2017,0.022074517672890172,0.30610554806156687
2018-05-31,2017,-0.0035417894220512508,0.30147959724735984
2018-06-29,2017,-0.028806556250731356,0.2639884520200746
2018-07-31,2017,-0.000777836212488052,0.2630052760299266
2018-08-31,2017,-0.009998063495403864,0.25037766908514936
2018-09-28,2017,0.025474822179703125,0.2822308178625652
2018-10-31,2017,-0.06492004496216497,0.1989883355150539
2018-11-30,2017,0.02539628318406617,0.2294381828181864
2018-12-31,2017,-0.02404739292059493,0.19987339976437535
2019-01-31,2018,0.03063029738337981,0.23662587882156516
2019-02-28,2018,0.00811522740117731,0.24666137903838292
2019-03-29,2018,-0.010272138166519446,0.23385550110603703
2019-04-30,2018,-0.032232599210591795,0.19408513125510218
2019-05-31,2018,-0.024214735352748804,0.16517067581310751
2019-06-28,2018,0.011362411293771052,0.1784098242591372
2019-07-31,2018,0.0015284789191453685,0.18021099883363112
2019-08-30,2018,-0.02577780431552186,0.1497877506546712
2019-09-30,2018,0.018163975488209447,0.17067246717420614
2019-10-31,2018,0.01975530491618818,0.19379945872021898
2019-11-29,2018,-0.00047018408943446874,0.19323815320875326
2019-12-31,2018,0.02743150735374583,0.22597047438326934
2020-01-31,2019,-0.013463960502725365,0.2094640563386656
2020-02-28,2019,-0.06244219712637765,0.13394246331549842
2020-03-31,2019,-0.07096300236752112,0.05347450160660783
2020-04-30,2019,0.06355782983433486,0.1204310547145313
2020-05-29,2019,-0.01057905826282872,0.10857794930722364
2020-06-30,2019,-0.012462030679906415,0.09476281689188926
2020-07-31,2019,-0.020181276855168077,0.07266910539345028
2020-08-31,2019,0.04432315358453825,0.12021318289719352
2020-09-30,2019,-0.029279816889221995,0.08741354602507112
2020-10-30,2019,-0.02522374957649591,0.05998489905404547
2020-11-30,2019,0.0457184620345142,0.10844577841860614
2020-12-31,2019,0.0208217491624179,0.13152555837697943
2021-01-29,2020,0.015014507728828903,0.14851485761859795
2021-02-26,2020,-0.03502275814888506,0.10829069952982051
2021-03-31,2020,0.040255871001697294,0.15290590696247386
2021-04-30,2020,-0.011278004990295661,0.1399034283904097
2021-05-31,2020,-0.005652026266638113,0.1334606642717162
2021-06-30,2020,0.0041328904085618755,0.13814513297956688
2021-07-30,2020,0.001807782490650269,0.14020265182278613
2021-08-31,2020,0.022823614469882902,0.16622619756552748
2021-09-30,2020,0.00021856469041766236,0.16648109343335538
2021-10-29,2020,-0.011679419357310095,0.15285727157077367
2021-11-30,2020,0.0026938895278027404,0.15596294170170943
2021-12-31,2020,0.014673713927691474,0.1729252112192532
2022-01-31,2021,-0.021324941787285195,0.14791264936916337
2022-02-28,2021,0.018576975137961735,0.16923739411704597
2022-03-31,2021,-0.030221900916018528,0.13390081744473692
2022-04-29,2021,-0.026531907410467494,0.10381626594363969
2022-05-31,2021,0.030697884958481116,0.13770109069087777
2022-06-30,2021,-0.06560488340599938,0.06306234328522442
2022-07-29,2021,0.032813618398981385,0.09794526535211268
2022-08-31,2021,-0.0023890521270419113,0.09532221688054765
2022-09-30,2021,-0.06072722051016115,0.028806343086364095
2022-10-31,2021,-0.016504010494343004,0.011826912403420042
2022-11-30,2021,0.08648322198357508,0.09933296387776047
2022-12-30,2021,-0.02083601915146122,0.0764272411885707
2023-01-31,2022,0.032283646953482965,0.11117823821421435
2023-02-28,2022,-0.03462907707954478,0.07269916135398158
2023-03-31,2022,0.04287554200562084,0.11869171930600841
2023-04-28,2022,0.035058081122013106,0.15791090435196287
2023-05-31,2022,-0.004241628504596489,0.15299947645428036
2023-06-30,2022,0.021399958832078427,0.17767361778380986
2023-07-31,2022,0.02495082034554809,0.20705754064682558
2023-08-31,2022,-0.008246339333964946,0.1971037345710307
2023-09-29,2022,-0.014820621597315741,0.1793619131082198
2023-10-31,2022,-0.008853096673544537,0.16892090807837645
2023-11-30,2022,0.05374491282800218,0.23174446038587782
2023-12-29,2022,0.04379137695122652,0.285684246358221
2024-01-31,2023,0.00992053334466496,0.2984389197949282
2024-02-29,2023,-0.002683393533385707,0.2949546971940542
2024-03-29,2023,0.026765577230058627,0.3296149071512289
2024-04-30,2023,-0.018207396276644947,0.30540608164139194
2024-05-31,2023,0.0009138295923480505,0.30659900034882703
2024-06-28,2023,-0.02091045724582072,0.2792774178146007
2024-07-31,2023,0.028062301528312995,0.31517688645167574
2024-08-30,2023,0.03257494004953967,0.35801869468237935
2024-09-30,2023,0.002595516418688166,0.361543454501313
2024-10-31,2023,-0.026113281357184475,0.3259890871938873
2024-11-29,2023,0.049235273816523324,0.3912745229796002
2024-12-31,2023,-0.026091173112575347,0.35497453855342376
2025-01-31,2024,-0.008346019081449657,0.3436658951997784
2025-02-28,2024,0.015298199512396044,0.3642215641425468
2025-03-31,2024,0.017400749790594968,0.3879600422391254
2025-04-30,2024,0.05682663540068862,0.4668331415101725
2025-05-30,2024,-0.001277777008415389,0.4649588558467692
2025-06-30,2024,0.009279097113541999,0.4785523513375147
2025-07-31,2024,0.0022276476671955533,0.48184604503379846
2025-08-29,2024,0.05403601509020942,0.561919100284612
2025-09-30,2024,0.005526044386949518,0.5705503345616092
2025-10-31,2024,-0.00036409712162781445,0.5699785017054237
2025-11-28,2024,0.028065670871335113,0.61404100160936
2025-12-31,2024,0.0015049496780149725,0.6164700520950352
