ISIN,eligible_history_36m,eligible_not_stale_120m,eligible_carbon_scope1_or_scope2,included_final,cutoff_date
AU000000ABC7,True,True,False,False,2013-12-31
AU000000ALL7,True,True,False,False,2013-12-31
AU000000AMP6,True,True,False,False,2013-12-31
AU000000ANN9,True,True,False,False,2013-12-31
AU000000ANZ3,True,True,True,True,2013-12-31
AU000000APA1,True,True,True,True,2013-12-31
AU000000ASX7,True,True,True,True,2013-12-31
AU000000BEN6,True,True,True,True,2013-12-31
AU000000BHP4,True,True,True,True,2013-12-31
AU000000BLD2,True,True,True,True,2013-12-31
AU000000BOQ8,True,True,False,False,2013-12-31
AU000000BPT9,True,True,False,False,2013-12-31
AU000000BSL0,True,True,True,True,2013-12-31
AU000000BWP3,True,True,True,True,2013-12-31
AU000000CBA7,True,True,True,True,2013-12-31
AU000000CGF5,True,True,False,False,2013-12-31
AU000000CIM7,True,True,True,True,2013-12-31
AU000000COH5,True,True,False,False,2013-12-31
AU000000CPU5,True,True,False,False,2013-12-31
AU000000CQR9,True,True,False,False,2013-12-31
AU000000CSL8,True,True,False,False,2013-12-31
AU000000CSR5,True,True,True,True,2013-12-31
AU000000CWY3,True,True,True,True,2013-12-31
AU000000DOW2,True,True,True,True,2013-12-31
AU000000DXS1,True,True,True,True,2013-12-31
AU000000ELD6,True,True,False,False,2013-12-31
AU000000ERA9,True,True,True,True,2013-12-31
AU000000FLT9,True,True,False,False,2013-12-31
AU000000GMG2,True,True,False,False,2013-12-31
AU000000GPT8,True,True,True,True,2013-12-31
AU000000GWA4,True,True,True,True,2013-12-31
AU000000HIL8,True,True,False,False,2013-12-31
AU000000HVN7,True,True,False,False,2013-12-31
AU000000IAG3,True,True,True,True,2013-12-31
AU000000IFL2,True,True,False,False,2013-12-31
AU000000IGO4,True,True,False,False,2013-12-31
AU000000ILU1,True,True,False,False,2013-12-31
AU000000IRE2,True,True,False,False,2013-12-31
AU000000IVC8,True,True,False,False,2013-12-31
AU000000JBH7,True,True,False,False,2013-12-31
AU000000LLC3,True,True,True,True,2013-12-31
AU000000MAH3,True,True,False,False,2013-12-31
AU000000MGR9,True,True,True,True,2013-12-31
AU000000MGX7,True,True,False,False,2013-12-31
AU000000MND5,True,True,False,False,2013-12-31
AU000000MQG1,True,True,True,True,2013-12-31
AU000000MTS0,True,True,False,False,2013-12-31
AU000000NAB4,True,True,True,True,2013-12-31
AU000000NCM7,True,True,False,False,2013-12-31
AU000000ORG5,True,True,True,True,2013-12-31
AU000000ORI1,True,True,True,True,2013-12-31
AU000000OZL8,True,True,True,True,2013-12-31
AU000000PPT9,True,True,False,False,2013-12-31
AU000000QAN2,True,True,True,True,2013-12-31
AU000000QBE9,True,True,True,True,2013-12-31
AU000000RHC8,True,True,False,False,2013-12-31
AU000000SBM8,True,True,False,False,2013-12-31
AU000000SDG6,True,True,False,False,2013-12-31
AU000000SEK6,True,True,False,False,2013-12-31
AU000000SGM7,True,True,True,True,2013-12-31
AU000000SGP0,True,True,True,True,2013-12-31
AU000000SHL7,True,True,True,True,2013-12-31
AU000000SIG5,True,True,False,False,2013-12-31
AU000000STO6,True,True,True,True,2013-12-31
AU000000SUN6,True,True,True,True,2013-12-31
AU000000SWM4,True,True,False,False,2013-12-31
AU000000SXL4,True,True,False,False,2013-12-31
AU000000TAH8,True,True,True,True,2013-12-31
AU000000TCL6,True,True,True,True,2013-12-31
AU000000TLS2,True,True,True,True,2013-12-31
AU000000WBC1,True,True,True,True,2013-12-31
AU000000WES1,True,True,False,False,2013-12-31
AU000000WOR2,True,True,False,False,2013-12-31
AU000000WOW2,True,True,True,True,2013-12-31
AU0000032187,True,True,False,False,2013-12-31
AU0000033359,True,True,False,False,2013-12-31
AU0000038911,True,True,True,True,2013-12-31
AU0000088338,True,True,True,True,2013-12-31
AU0000224040,True,True,True,True,2013-12-31
BMG2108M2182,True,True,False,False,2013-12-31
BMG2178K1009,True,True,False,False,2013-12-31
BMG2442N1048,True,True,True,True,2013-12-31
BMG2624N1535,True,True,False,False,2013-12-31
BMG4600H1198,True,True,False,False,2013-12-31
BMG4639H1227,True,False,False,False,2013-12-31
BMG507361001,True,True,False,False,2013-12-31
BMG524401079,True,True,True,True,2013-12-31
BMG5320C1082,True,True,False,False,2013-12-31
BMG668971101,True,True,False,False,2013-12-31
BMG677491539,True,True,True,True,2013-12-31
BMG684371393,True,True,True,True,2013-12-31
BMG8063F1068,True,True,False,False,2013-12-31
BMG8403G1033,True,True,False,False,2013-12-31
BMG988031446,True,True,False,False,2013-12-31
HK0000049939,True,True,False,False,2013-12-31
HK0000055878,True,True,False,False,2013-12-31
HK0000139300,True,True,False,False,2013-12-31
HK0000592854,True,True,False,False,2013-12-31
HK0000608585,True,True,False,False,2013-12-31
HK0000745908,True,True,False,False,2013-12-31
HK0002007356,True,True,False,False,2013-12-31
HK0003000038,True,True,True,True,2013-12-31
HK0004000045,True,True,False,False,2013-12-31
HK0006000050,True,True,False,False,2013-12-31
HK0008011667,True,True,False,False,2013-12-31
HK0010000088,True,True,True,True,2013-12-31
HK0011000095,True,True,True,True,2013-12-31
HK0012000102,True,True,True,True,2013-12-31
HK0014000126,True,True,False,False,2013-12-31
HK0016000132,True,True,True,True,2013-12-31
HK0019000162,True,True,True,True,2013-12-31
HK0023000190,True,True,False,False,2013-12-31
HK0066009694,True,True,True,True,2013-12-31
HK0083000502,True,True,False,False,2013-12-31
HK0101000591,True,True,False,False,2013-12-31
HK0144000764,True,True,False,False,2013-12-31
HK0165000859,True,True,False,False,2013-12-31
HK0200030994,True,True,True,True,2013-12-31
HK0242001243,True,True,False,False,2013-12-31
HK0270001396,True,True,False,False,2013-12-31
HK0291001490,True,True,False,False,2013-12-31
HK0293001514,True,True,True,True,2013-12-31
HK0308001558,True,True,False,False,2013-12-31
HK0363006039,True,True,False,False,2013-12-31
HK0388045442,True,True,True,True,2013-12-31
HK0392044647,True,True,False,False,2013-12-31
HK0440001847,True,True,False,False,2013-12-31
HK0688002218,True,True,False,False,2013-12-31
HK0823032773,True,True,True,True,2013-12-31
HK0836012952,True,True,False,False,2013-12-31
HK2380027329,True,True,False,False,2013-12-31
HK2388011192,True,True,False,False,2013-12-31
IE00BKVD2N49,True,True,True,True,2013-12-31
JP3027670003,True,True,False,False,2013-12-31
JP3027680002,True,True,True,True,2013-12-31
JP3039710003,True,True,False,False,2013-12-31
JP3040890000,True,True,False,False,2013-12-31
JP3102000001,True,True,False,False,2013-12-31
JP3108600002,True,True,False,False,2013-12-31
JP3111200006,True,True,False,False,2013-12-31
JP3112000009,True,True,True,True,2013-12-31
JP3116000005,True,True,False,False,2013-12-31
JP3118000003,True,True,True,True,2013-12-31
JP3119600009,True,True,True,True,2013-12-31
JP3122400009,True,True,True,True,2013-12-31
JP3122800000,True,True,False,False,2013-12-31
JP3125800007,True,True,False,False,2013-12-31
JP3126340003,True,True,False,False,2013-12-31
JP3126400005,True,True,True,True,2013-12-31
JP3131400008,True,True,False,False,2013-12-31
JP3131430005,True,True,False,False,2013-12-31
JP3134800006,True,True,True,True,2013-12-31
JP3137200006,True,True,False,False,2013-12-31
JP3143000002,True,True,False,False,2013-12-31
JP3143600009,True,True,False,False,2013-12-31
JP3143900003,True,False,False,False,2013-12-31
JP3148800000,True,True,True,True,2013-12-31
JP3152740001,True,True,False,False,2013-12-31
JP3156400008,True,True,False,False,2013-12-31
JP3158800007,True,True,False,False,2013-12-31
JP3160400002,True,True,False,False,2013-12-31
JP3162600005,True,True,False,False,2013-12-31
JP3164630000,True,True,False,False,2013-12-31
JP3164720009,True,True,False,False,2013-12-31
JP3164800009,True,True,True,True,2013-12-31
JP3165600002,True,True,True,True,2013-12-31
JP3165700000,True,True,True,True,2013-12-31
JP3166000004,True,True,False,False,2013-12-31
JP3167500002,False,True,False,False,2013-12-31
JP3172100004,True,True,False,False,2013-12-31
JP3173400007,True,True,False,False,2013-12-31
JP3174410005,True,True,False,False,2013-12-31
JP3180400008,True,True,False,False,2013-12-31
JP3188220002,True,True,False,False,2013-12-31
JP3190000004,True,True,True,True,2013-12-31
JP3194000000,True,True,True,True,2013-12-31
JP3196000008,True,True,False,False,2013-12-31
JP3197600004,True,True,True,True,2013-12-31
JP3197800000,True,True,True,True,2013-12-31
JP3198900007,True,True,False,False,2013-12-31
JP3200450009,True,True,True,True,2013-12-31
JP3201200007,True,True,True,True,2013-12-31
JP3203500008,True,True,False,False,2013-12-31
JP3205800000,True,True,True,True,2013-12-31
JP3209000003,True,True,True,True,2013-12-31
JP3210200006,True,True,True,True,2013-12-31
JP3215800008,True,True,False,False,2013-12-31
JP3218900003,True,True,False,False,2013-12-31
JP3219000001,True,True,False,False,2013-12-31
JP3223800008,True,True,True,True,2013-12-31
JP3224200000,True,True,True,True,2013-12-31
JP3228600007,True,True,False,False,2013-12-31
JP3229400001,True,True,False,False,2013-12-31
JP3236200006,True,True,False,False,2013-12-31
JP3240400006,True,True,False,False,2013-12-31
JP3242800005,True,True,True,True,2013-12-31
JP3243600008,True,True,False,False,2013-12-31
JP3246400000,True,True,False,False,2013-12-31
JP3249600002,True,True,False,False,2013-12-31
JP3256000005,True,True,True,True,2013-12-31
JP3258000003,True,True,False,False,2013-12-31
JP3260800002,True,True,True,True,2013-12-31
JP3263000006,True,True,False,False,2013-12-31
JP3266400005,True,True,True,True,2013-12-31
JP3268950007,True,True,False,False,2013-12-31
JP3269600007,True,True,True,True,2013-12-31
JP3270000007,True,True,False,False,2013-12-31
JP3271400008,True,True,False,False,2013-12-31
JP3274400005,True,True,False,False,2013-12-31
JP3276400003,True,True,False,False,2013-12-31
JP3277800003,True,True,False,False,2013-12-31
JP3278600006,True,True,False,False,2013-12-31
JP3280200001,True,True,False,False,2013-12-31
JP3283650004,True,True,False,False,2013-12-31
JP3289800009,True,True,True,True,2013-12-31
JP3292200007,True,True,False,False,2013-12-31
JP3293200006,True,True,False,False,2013-12-31
JP3294460005,True,True,True,True,2013-12-31
JP3300200007,True,True,False,False,2013-12-31
JP3300600008,True,True,True,True,2013-12-31
JP3304200003,True,True,True,True,2013-12-31
JP3305530002,True,True,False,False,2013-12-31
JP3305800009,True,True,False,False,2013-12-31
JP3305990008,False,True,False,False,2013-12-31
JP3320800000,True,True,False,False,2013-12-31
JP3322930003,True,True,True,True,2013-12-31
JP3326410002,True,True,False,False,2013-12-31
JP3336000009,True,True,False,False,2013-12-31
JP3336600006,True,True,False,False,2013-12-31
JP3347200002,True,True,False,False,2013-12-31
JP3350800003,True,True,False,False,2013-12-31
JP3351100007,True,True,False,False,2013-12-31
JP3351500008,True,True,False,False,2013-12-31
JP3351600006,True,True,True,True,2013-12-31
JP3352000008,True,True,False,False,2013-12-31
JP3352400000,True,True,False,False,2013-12-31
JP3357200009,True,True,False,False,2013-12-31
JP3358000002,True,True,False,False,2013-12-31
JP3358200008,True,True,False,False,2013-12-31
JP3358800005,True,True,True,True,2013-12-31
JP3359600008,True,True,True,True,2013-12-31
JP3362700001,True,True,True,True,2013-12-31
JP3368000000,True,True,True,True,2013-12-31
JP3371200001,True,True,True,True,2013-12-31
JP3375800004,True,True,True,True,2013-12-31
JP3381000003,True,True,False,False,2013-12-31
JP3385820000,True,True,True,True,2013-12-31
JP3385980002,True,True,False,False,2013-12-31
JP3386030005,True,True,False,False,2013-12-31
JP3388200002,True,True,False,False,2013-12-31
JP3389900006,True,True,False,False,2013-12-31
JP3396350005,True,False,False,False,2013-12-31
JP3397200001,True,True,False,False,2013-12-31
JP3398000004,True,True,False,False,2013-12-31
JP3399400005,True,True,False,False,2013-12-31
JP3400900001,True,True,False,False,2013-12-31
JP3401400001,True,True,False,False,2013-12-31
JP3402600005,True,True,True,True,2013-12-31
JP3404200002,True,True,False,False,2013-12-31
JP3404600003,True,True,False,False,2013-12-31
JP3405400007,True,True,False,False,2013-12-31
JP3407200009,True,True,False,False,2013-12-31
JP3407400005,True,True,True,True,2013-12-31
JP3409000001,True,True,False,False,2013-12-31
JP3411000007,True,True,False,False,2013-12-31
JP3414750004,True,True,True,True,2013-12-31
JP3415400005,True,True,False,False,2013-12-31
JP3419050004,True,True,False,False,2013-12-31
JP3419400001,True,True,True,True,2013-12-31
JP3420600003,True,True,True,True,2013-12-31
JP3421100003,True,True,True,True,2013-12-31
JP3421800008,True,True,False,False,2013-12-31
JP3425000001,True,True,False,False,2013-12-31
JP3429800000,True,True,True,True,2013-12-31
JP3435000009,True,True,True,True,2013-12-31
JP3436100006,True,True,False,False,2013-12-31
JP3436120004,True,False,False,False,2013-12-31
JP3443600006,True,True,True,True,2013-12-31
JP3449020001,True,True,True,True,2013-12-31
JP3452000007,True,True,True,True,2013-12-31
JP3456000003,True,True,True,True,2013-12-31
JP3459600007,True,True,False,False,2013-12-31
JP3463000004,True,True,False,False,2013-12-31
JP3475350009,True,True,True,True,2013-12-31
JP3481800005,True,True,True,True,2013-12-31
JP3485800001,True,True,False,False,2013-12-31
JP3486800000,True,True,False,False,2013-12-31
JP3491000000,True,True,False,False,2013-12-31
JP3493400000,True,True,False,False,2013-12-31
JP3493800001,True,True,True,True,2013-12-31
JP3494600004,True,True,False,False,2013-12-31
JP3495000006,True,True,False,False,2013-12-31
JP3496400007,True,True,True,True,2013-12-31
JP3499800005,True,True,False,False,2013-12-31
JP3500610005,True,True,False,False,2013-12-31
JP3502200003,True,True,True,True,2013-12-31
JP3505000004,True,True,True,True,2013-12-31
JP3511800009,True,True,False,False,2013-12-31
JP3519400000,True,True,False,False,2013-12-31
JP3522200009,True,True,False,False,2013-12-31
JP3526600006,True,True,False,False,2013-12-31
JP3528600004,True,True,True,True,2013-12-31
JP3535800001,True,True,False,False,2013-12-31
JP3538800008,True,True,False,False,2013-12-31
JP3539220008,True,True,True,True,2013-12-31
JP3539250005,True,False,False,False,2013-12-31
JP3544000007,True,True,True,True,2013-12-31
JP3546800008,True,True,False,False,2013-12-31
JP3548610009,True,True,False,False,2013-12-31
JP3549600009,True,True,False,False,2013-12-31
JP3551200003,True,True,True,True,2013-12-31
JP3551500006,True,True,True,True,2013-12-31
JP3551520004,True,True,True,True,2013-12-31
JP3560800009,True,True,False,False,2013-12-31
JP3566800003,True,True,True,True,2013-12-31
JP3571400005,True,True,True,True,2013-12-31
JP3573000001,True,True,False,False,2013-12-31
JP3574200006,True,True,False,False,2013-12-31
JP3579800008,True,True,False,False,2013-12-31
JP3582600007,True,True,True,True,2013-12-31
JP3585800000,True,True,False,False,2013-12-31
JP3588600001,True,True,False,False,2013-12-31
JP3592200004,True,True,True,True,2013-12-31
JP3595200001,True,True,True,True,2013-12-31
JP3596200000,True,True,True,True,2013-12-31
JP3597800006,True,True,False,False,2013-12-31
JP3598600009,True,True,False,False,2013-12-31
JP3599000001,True,True,False,False,2013-12-31
JP3600200004,True,True,False,False,2013-12-31
JP3605400005,True,True,False,False,2013-12-31
JP3613000003,True,True,False,False,2013-12-31
JP3613400005,True,True,True,True,2013-12-31
JP3619800000,True,True,True,True,2013-12-31
JP3621000003,True,True,True,True,2013-12-31
JP3625000009,True,True,False,False,2013-12-31
JP3626800001,True,True,True,True,2013-12-31
JP3629000005,True,True,True,True,2013-12-31
JP3633400001,True,True,False,False,2013-12-31
JP3634200004,True,True,False,False,2013-12-31
JP3634600005,True,True,True,True,2013-12-31
JP3635000007,True,True,False,False,2013-12-31
JP3635400009,True,True,False,False,2013-12-31
JP3637300009,True,True,False,False,2013-12-31
JP3638600001,True,True,True,True,2013-12-31
JP3657400002,True,True,True,True,2013-12-31
JP3658850007,False,True,False,False,2013-12-31
JP3659000008,True,True,False,False,2013-12-31
JP3663900003,True,True,False,False,2013-12-31
JP3665200006,True,True,True,True,2013-12-31
JP3667600005,True,True,False,False,2013-12-31
JP3670800006,True,True,False,False,2013-12-31
JP3672400003,True,True,True,True,2013-12-31
JP3675600005,True,True,False,False,2013-12-31
JP3676800000,True,True,False,False,2013-12-31
JP3678000005,True,True,True,True,2013-12-31
JP3684000007,True,True,True,True,2013-12-31
JP3684400009,True,True,False,False,2013-12-31
JP3686800008,True,True,True,True,2013-12-31
JP3688370000,True,True,True,True,2013-12-31
JP3689500001,True,True,False,False,2013-12-31
JP3695200000,True,True,False,False,2013-12-31
JP3711200000,True,False,False,False,2013-12-31
JP3711600001,True,True,True,True,2013-12-31
JP3718800000,True,True,False,False,2013-12-31
JP3720800006,True,True,False,False,2013-12-31
JP3721400004,True,True,False,False,2013-12-31
JP3726200003,True,True,False,False,2013-12-31
JP3726800000,True,True,True,True,2013-12-31
JP3729000004,False,True,False,False,2013-12-31
JP3732200005,True,True,False,False,2013-12-31
JP3733000008,True,True,True,True,2013-12-31
JP3733400000,True,True,False,False,2013-12-31
JP3734800000,True,True,True,True,2013-12-31
JP3735400008,True,False,True,False,2013-12-31
JP3738600000,True,True,False,False,2013-12-31
JP3742600004,True,True,False,False,2013-12-31
JP3743000006,True,True,True,True,2013-12-31
JP3753000003,True,True,False,False,2013-12-31
JP3756100008,True,True,False,False,2013-12-31
JP3756600007,True,True,False,False,2013-12-31
JP3762600009,True,True,True,True,2013-12-31
JP3762800005,True,True,False,False,2013-12-31
JP3765400001,True,True,False,False,2013-12-31
JP3766550002,True,True,False,False,2013-12-31
JP3768600003,True,False,False,False,2013-12-31
JP3769000005,True,True,True,True,2013-12-31
JP3771800004,True,True,False,False,2013-12-31
JP3774200004,True,True,False,False,2013-12-31
JP3778630008,True,True,True,True,2013-12-31
JP3780100008,True,True,False,False,2013-12-31
JP3783420007,True,True,False,False,2013-12-31
JP3783600004,True,True,False,False,2013-12-31
JP3786200000,True,True,True,True,2013-12-31
JP3787000003,True,True,True,True,2013-12-31
JP3788600009,True,True,True,True,2013-12-31
JP3789000001,True,True,False,False,2013-12-31
JP3791200003,True,True,False,False,2013-12-31
JP3792600003,True,True,False,False,2013-12-31
JP3796150005,True,True,False,False,2013-12-31
JP3799000009,True,True,False,False,2013-12-31
JP3802300008,True,True,False,False,2013-12-31
JP3802400006,True,True,False,False,2013-12-31
JP3811000003,True,True,True,True,2013-12-31
JP3814000000,True,True,True,True,2013-12-31
JP3814800003,True,True,True,True,2013-12-31
JP3818000006,True,True,True,True,2013-12-31
JP3819400007,True,True,False,False,2013-12-31
JP3820000002,True,True,True,True,2013-12-31
JP3826800009,True,True,False,False,2013-12-31
JP3827200001,True,True,True,True,2013-12-31
JP3830000000,True,True,True,True,2013-12-31
JP3830800003,True,True,True,True,2013-12-31
JP3834800009,True,True,False,False,2013-12-31
JP3835620000,True,True,True,True,2013-12-31
JP3837800006,True,True,False,False,2013-12-31
JP3841800000,True,True,False,False,2013-12-31
JP3842400008,False,True,False,False,2013-12-31
JP3845400005,True,True,False,False,2013-12-31
JP3850200001,True,True,False,False,2013-12-31
JP3854600008,True,True,True,True,2013-12-31
JP3862400003,True,True,False,False,2013-12-31
JP3863800003,True,True,False,False,2013-12-31
JP3866800000,True,True,True,True,2013-12-31
JP3868400007,True,True,True,True,2013-12-31
JP3869010003,True,True,False,False,2013-12-31
JP3870000001,True,True,False,False,2013-12-31
JP3870400003,True,True,True,True,2013-12-31
JP3877600001,True,True,True,True,2013-12-31
JP3885400006,True,True,False,False,2013-12-31
JP3885780001,True,False,True,False,2013-12-31
JP3888300005,True,True,True,True,2013-12-31
JP3888400003,True,True,True,True,2013-12-31
JP3890310000,True,True,True,True,2013-12-31
JP3890350006,True,True,True,True,2013-12-31
JP3891600003,True,True,False,False,2013-12-31
JP3892100003,False,True,True,False,2013-12-31
JP3893200000,True,True,False,False,2013-12-31
JP3893600001,True,True,True,True,2013-12-31
JP3894900004,True,True,False,False,2013-12-31
JP3896800004,True,True,False,False,2013-12-31
JP3898400001,True,True,True,True,2013-12-31
JP3899600005,True,True,False,False,2013-12-31
JP3899800001,False,True,False,False,2013-12-31
JP3900000005,True,True,True,True,2013-12-31
JP3901200000,True,True,False,False,2013-12-31
JP3902000003,True,True,False,False,2013-12-31
JP3902400005,True,True,True,True,2013-12-31
JP3902900004,True,True,True,True,2013-12-31
JP3903000002,True,True,True,True,2013-12-31
JP3906000009,True,True,False,False,2013-12-31
JP3910660004,True,True,True,True,2013-12-31
JP3914400001,True,True,True,True,2013-12-31
JP3919800007,True,True,False,False,2013-12-31
JP3931600005,True,True,False,False,2013-12-31
JP3933800009,True,True,False,False,2013-12-31
JP3935600001,True,True,False,False,2013-12-31
JP3939000000,True,True,True,True,2013-12-31
JP3940000007,True,True,True,True,2013-12-31
JP3940400009,True,True,False,False,2013-12-31
JP3942400007,True,True,True,True,2013-12-31
JP3942600002,True,True,False,False,2013-12-31
JP3942800008,True,True,True,True,2013-12-31
JP3944130008,True,True,False,False,2013-12-31
JP3951200009,True,True,False,False,2013-12-31
JP3951600000,True,True,False,False,2013-12-31
JP3955000009,True,True,False,False,2013-12-31
JP3967200001,True,True,False,False,2013-12-31
JP3973400009,True,True,True,True,2013-12-31
JP3977400005,True,True,True,True,2013-12-31
JP3982100004,True,True,True,True,2013-12-31
JP3982800009,True,True,True,True,2013-12-31
JP3992400006,True,True,False,False,2013-12-31
KYG0535Q1331,True,True,False,False,2013-12-31
KYG2108Y1052,True,True,False,False,2013-12-31
KYG210961051,True,True,False,False,2013-12-31
KYG217651051,True,True,False,False,2013-12-31
KYG525621408,True,True,False,False,2013-12-31
KYG5427W1309,True,True,False,False,2013-12-31
KYG548561284,True,True,False,False,2013-12-31
KYG9431R1039,True,True,False,False,2013-12-31
MU0117U00026,True,True,False,False,2013-12-31
NZAIAE0002S6,True,True,True,True,2013-12-31
NZAIRE0001S2,True,True,False,False,2013-12-31
NZCENE0001S6,True,True,True,True,2013-12-31
NZFBUE0001S0,True,True,True,True,2013-12-31
NZSKCE0001S2,True,True,False,False,2013-12-31
NZTELE0001S4,True,True,False,False,2013-12-31
SG0531000230,True,True,False,False,2013-12-31
SG1B51001017,True,True,False,False,2013-12-31
SG1F60858221,True,True,True,True,2013-12-31
SGXE34184239,True,True,True,True,2013-12-31
SG1J26887955,True,True,False,False,2013-12-31
SG1L01001701,True,True,False,False,2013-12-31
SG1M31001969,True,True,False,False,2013-12-31
SG1M51904654,True,True,False,False,2013-12-31
SG1M77906915,True,True,False,False,2013-12-31
SG1N31909426,True,True,False,False,2013-12-31
SG1P66918738,True,True,False,False,2013-12-31
SG1R50925390,True,True,True,True,2013-12-31
SG1R89002252,True,True,True,True,2013-12-31
SG1S04926220,True,True,False,False,2013-12-31
SG1S76928401,True,True,False,False,2013-12-31
SG1S83002349,True,True,False,False,2013-12-31
SG1T58930911,True,True,False,False,2013-12-31
SG1T75931496,True,True,False,False,2013-12-31
SG1U68934629,True,True,True,True,2013-12-31
SG1V61937297,True,True,True,True,2013-12-31
SG2B80958517,True,True,False,False,2013-12-31
SG9999000020,True,True,True,True,2013-12-31
SG9999003735,True,True,False,False,2013-12-31
SGXE21576413,True,True,True,True,2013-12-31
SGXE65760014,False,True,False,False,2013-12-31
US89677Q1076,True,True,False,False,2013-12-31
