ISIN,NAME,Country
AU000000ABC7,ADBRI DEAD - DELIST.02/07/24,AU
AU000000ALL7,ARISTOCRAT LEISURE,AU
AU000000AMP6,AMP,AU
AU000000ANN9,ANSELL,AU
AU000000ANZ3,ANZ GROUP HOLDINGS,AU
AU000000APA1,APA GROUP,AU
AU000000ASX7,ASX,AU
AU000000BEN6,BENDIGO & ADELAIDE BANK,AU
AU000000BHP4,BHP GROUP,AU
AU000000BLD2,BORAL DEAD - DELIST.08/07/24,AU
AU000000BOQ8,BANK OF QLND.,AU
AU000000BPT9,BEACH ENERGY,AU
AU000000BSL0,BLUESCOPE STEEL,AU
AU000000BWP3,BWP GROUP STAPLED UNITS,AU
AU000000CBA7,COMMONWEALTH BK.OF AUS.,AU
AU000000CGF5,CHALLENGER,AU
AU000000CIM7,CIMIC GROUP DEAD - DELIST.11/05/22,AU
AU000000COH5,COCHLEAR,AU
AU000000CPU5,COMPUTERSHARE,AU
AU000000CQR9,CHARTER HALL RETAIL REIT,AU
AU000000CSL8,CSL,AU
AU000000CSR5,CSR DEAD - DEAD.10/07/24,AU
AU000000CWY3,CLEANAWAY WASTE MANAGEMENT,AU
AU000000DOW2,DOWNER EDI,AU
AU000000DXS1,DEXUS STAPLED UNITS,AU
AU000000ELD6,ELDERS,AU
AU000000ERA9,ENERGY RES.OF AUS.,AU
AU000000FLT9,FLIGHT CENTRE TRAVEL GP.,AU
AU000000GMG2,GOODMAN GROUP,AU
AU000000GPT8,GPT GROUP STAPLED UNITS,AU
AU000000GWA4,GWA GROUP,AU
AU000000HIL8,HILLS DEAD - DELIST.29/08/23,AU
AU000000HVN7,HARVEY NORMAN HOLDINGS,AU
AU000000IAG3,INSURANCE AUS.GROUP,AU
AU000000IFL2,INSIGNIA FINANCIAL,AU
AU000000IGO4,IGO,AU
AU000000ILU1,ILUKA RESOURCES,AU
AU000000IRE2,IRESS,AU
AU000000IVC8,INVOCARE DEAD - DELIST.27/11/23,AU
AU000000JBH7,JB HI-FI,AU
AU000000LLC3,LENDLEASE GROUP STAPLED UNITS,AU
AU000000MAH3,MACMAHON HOLDINGS,AU
AU000000MGR9,MIRVAC GROUP STAPLED UNITS,AU
AU000000MGX7,MGX RESOURCES,AU
AU000000MND5,MONADELPHOUS GROUP,AU
AU000000MQG1,MACQUARIE GROUP,AU
AU000000MTS0,METCASH,AU
AU000000NAB4,NATIONAL AUS.BANK,AU
AU000000NCM7,NEWCREST MINING DEAD - DELIST.08/11/23,AU
AU000000ORG5,ORIGIN ENERGY (EX BORAL),AU
AU000000ORI1,ORICA,AU
AU000000OZL8,OZ MINERALS DEAD - DELIST.03/05/23,AU
AU000000PPT9,PERPETUAL,AU
AU000000QAN2,QANTAS AIRWAYS,AU
AU000000QBE9,QBE INSURANCE GROUP,AU
AU000000RHC8,RAMSAY HEALTH CARE,AU
AU000000SBM8,ST BARBARA,AU
AU000000SDG6,SUNLAND GROUP DEAD - DELIST.30/10/23,AU
AU000000SEK6,SEEK,AU
AU000000SGM7,SIMS,AU
AU000000SGP0,STOCKLAND STAPLED UNITS,AU
AU000000SHL7,SONIC HEALTHCARE,AU
AU000000SIG5,SIGMA HEALTHCARE,AU
AU000000STO6,SANTOS,AU
AU000000SUN6,SUNCORP GROUP,AU
AU000000SWM4,SEVEN WEST MEDIA DEAD - DELIST.08/01/26,AU
AU000000SXL4,SOUTHERN CROSS MEDIA GROUP,AU
AU000000TAH8,TABCORP HOLDINGS,AU
AU000000TCL6,TRANSURBAN GROUP STAPLED UNITS,AU
AU000000TLS2,TELSTRA GROUP,AU
AU000000WBC1,WESTPAC BANKING,AU
AU000000WES1,WESFARMERS,AU
AU000000WOR2,WORLEY,AU
AU000000WOW2,WOOLWORTHS GROUP,AU
AU0000032187,A2B AUSTRALIA DEAD - DELIST.12/04/24,AU
AU0000033359,HEALIUS,AU
AU0000038911,OVATO DEAD - DELIST.29/08/22,AU
AU0000088338,AMPOL,AU
AU0000224040,WOODSIDE ENERGY GROUP,AU
BMG2108M2182,CHINESE ESTATES HDG.,HK
BMG2178K1009,CKI HOLDINGS,HK
BMG2442N1048,COSCO SHIPPING PORTS,HK
BMG2624N1535,DFI RETAIL GROUP HOLDINGS,HK
BMG4600H1198,HOPSON DEVELOPMENT HOLDINGS,HK
BMG4639H1227,HUABAO INTL.HDG.,HK
BMG507361001,JARDINE MATHESON HDG.,HK
BMG524401079,KERRY PROPERTIES,HK
BMG5320C1082,KUNLUN ENERGY,HK
BMG668971101,CTF SERVICES,HK
BMG677491539,ORIENT OVERSEAS (INTL.),HK
BMG684371393,PACIFIC BASIN SHIP.,HK
BMG8063F1068,SHANGRI-LA ASIA,HK
BMG8403G1033,SINOFERT HOLDINGS,HK
BMG988031446,YUE YUEN INDL.HDG.,HK
HK0000049939,CHINA UNICOM (HONG KONG),HK
HK0000055878,CHINA TAIPING INSURANCE HLDGS,HK
HK0000139300,TELEVISION BROADCASTS,HK
HK0000592854,SHOUCHENG HOLDINGS,HK
HK0000608585,NEW WORLD DEVELOPMENT COMPANY,HK
HK0000745908,YUEXIU PROPERTY COMPANY,HK
HK0002007356,CLP HOLDINGS,HK
HK0003000038,HONG KONG AND CHINA GAS,HK
HK0004000045,WHARF HOLDINGS,HK
HK0006000050,POWER ASSETS HOLDINGS,HK
HK0008011667,PCCW,HK
HK0010000088,HANG LUNG GROUP,HK
HK0011000095,HANG SENG BANK DEAD - DELIST.28/01/26,HK
HK0012000102,HENDERSON LD.DEV.,HK
HK0014000126,HYSAN DEVELOPMENT,HK
HK0016000132,SUN HUNG KAI PROPERTIES,HK
HK0019000162,SWIRE PACIFIC 'A',HK
HK0023000190,BANK OF EAST ASIA,HK
HK0066009694,MTR,HK
HK0083000502,SINO LAND,HK
HK0101000591,HANG LUNG PROPERTIES,HK
HK0144000764,CHINA MERCHANTS PORT HOLDINGS,HK
HK0165000859,CHINA EVERBRIGHT,HK
HK0200030994,MELCO INTL.DEV.,HK
HK0242001243,SHUN TAK HOLDINGS,HK
HK0270001396,GUANGDONG INVESTMENT,HK
HK0291001490,CHINA RESOURCES BEER HOLDINGS,HK
HK0293001514,CATHAY PACIFIC AIRWAYS,HK
HK0308001558,CTII.INTL.INV.HK.,HK
HK0363006039,SHANGHAI INDUSTRIAL HOLDINGS,HK
HK0388045442,HONG KONG EXCHANGES AND CLEARING,HK
HK0392044647,BEIJING ENTERPRISES HOLDINGS,HK
HK0440001847,DAH SING FINANCIAL HDG.,HK
HK0688002218,CHINA OVERSEAS LAND INVESTMENT,HK
HK0823032773,LINK REAL ESTATE INVESTMENT TRUST,HK
HK0836012952,CHINA RESOURCES POWER,HK
HK2380027329,CHIN.PWR.INTDVT.,HK
HK2388011192,BOC HONG KONG HOLDINGS,HK
IE00BKVD2N49,SEAGATE TECHNOLOGY HOLDINGS,SG
JP3027670003,NIPPON BUILDING FUND,JP
JP3027680002,JAPAN REAL ESTATE INV.,JP
JP3039710003,JAPAN METROPOLITAN FUND INVESTMENT REIT,JP
JP3040890000,JAPAN PRIME REALTY INV.,JP
JP3102000001,AISIN,JP
JP3108600002,ACOM,JP
JP3111200006,ASAHI KASEI,JP
JP3112000009,AGC,JP
JP3116000005,ASAHI GROUP HOLDINGS,JP
JP3118000003,ASICS,JP
JP3119600009,AJINOMOTO,JP
JP3122400009,ADVANTEST,JP
JP3122800000,AMADA,JP
JP3125800007,ARIAKE JAPAN,JP
JP3126340003,ALFRESA HOLDINGS,JP
JP3126400005,ALPS ALPINE,JP
JP3131400008,AEON FINANCIAL SERVICE,JP
JP3131430005,AEON MALL DEAD - DELIST.27/06/25,JP
JP3134800006,IHI,JP
JP3137200006,ISUZU MOTORS,JP
JP3143000002,ITO EN,JP
JP3143600009,ITOCHU,JP
JP3143900003,ITOCHU TECHNO-SOLUTIONS DEAD - DELIST.01/12/23,JP
JP3148800000,IBIDEN,JP
JP3152740001,ABC-MART,JP
JP3156400008,USHIO,JP
JP3158800007,UBE,JP
JP3160400002,EISAI,JP
JP3162600005,SMC,JP
JP3164630000,SQUARE ENIX HOLDINGS,JP
JP3164720009,RENESAS ELECTRONICS,JP
JP3164800009,NOK,JP
JP3165600002,NTN,JP
JP3165700000,NTT DATA GROUP DEAD - DELIST.26/09/25,JP
JP3166000004,EBARA,JP
JP3167500002,LEOPALACE21,JP
JP3172100004,OKUMA,JP
JP3173400007,OBIC,JP
JP3174410005,OJI HOLDINGS,JP
JP3180400008,OSAKA GAS,JP
JP3188220002,OTSUKA HOLDINGS,JP
JP3190000004,OBAYASHI,JP
JP3194000000,OKI ELECTRIC IND.,JP
JP3196000008,ODAKYU ELECTRIC RY.,JP
JP3197600004,ONO PHARM.,JP
JP3197800000,OMRON,JP
JP3198900007,ORIENTAL LAND,JP
JP3200450009,ORIX,JP
JP3201200007,OLYMPUS,JP
JP3203500008,ONWARD HOLDINGS,JP
JP3205800000,KAO,JP
JP3209000003,CASIO COMPUTER,JP
JP3210200006,KAJIMA,JP
JP3215800008,KANEKA,JP
JP3218900003,CAPCOM,JP
JP3219000001,KAMIGUMI,JP
JP3223800008,KAWASAKI KISEN KAISHA,JP
JP3224200000,KAWASAKI HEAVY INDUSTRY,JP
JP3228600007,KANSAI ELECTRIC PWR.,JP
JP3229400001,KANSAI PAINT,JP
JP3236200006,KEYENCE,JP
JP3240400006,KIKKOMAN,JP
JP3242800005,CANON,JP
JP3243600008,CANON MARKETING JAPAN,JP
JP3246400000,KYUSHU ELEC.POWER,JP
JP3249600002,KYOCERA,JP
JP3256000005,KYOWA KIRIN,JP
JP3258000003,KIRIN HOLDINGS,JP
JP3260800002,KINTETSU GROUP HDG.,JP
JP3263000006,KINDEN,JP
JP3266400005,KUBOTA,JP
JP3268950007,MEDIPAL HOLDINGS,JP
JP3269600007,KURARAY,JP
JP3270000007,KURITA WATER IND.,JP
JP3271400008,CREDIT SAISON,JP
JP3274400005,GLORY,JP
JP3276400003,GUNMA BANK,JP
JP3277800003,KEIO,JP
JP3278600006,KEISEI ELEC.RAILWAY,JP
JP3280200001,KEIKYU,JP
JP3283650004,KOSE HOLDINGS,JP
JP3289800009,KOBE STEEL,JP
JP3292200007,JTEKT,JP
JP3293200006,COCA-COLA BOTTLERS JAPAN HOLDINGS,JP
JP3294460005,INPEX,JP
JP3300200007,KONAMI GROUP,JP
JP3300600008,KONICA MINOLTA,JP
JP3304200003,KOMATSU,JP
JP3305530002,COMSYS HOLDINGS,JP
JP3305800009,KOMORI,JP
JP3305990008,YOKOHAMA FINANCIAL GROUP,JP
JP3320800000,SAPPORO HOLDINGS,JP
JP3322930003,SUMCO,JP
JP3326410002,SANKYO,JP
JP3336000009,SANTEN PHARM.,JP
JP3336600006,SUNDRUG,JP
JP3347200002,SHIONOGI,JP
JP3350800003,SHIKOKU ELECTRIC POWER,JP
JP3351100007,SYSMEX,JP
JP3351500008,SHIZUOKA FINANCIAL GROUP,JP
JP3351600006,SHISEIDO,JP
JP3352000008,77 BANK,JP
JP3352400000,CITIZEN WATCH,JP
JP3357200009,SHIMADZU,JP
JP3358000002,SHIMANO,JP
JP3358200008,SHIMAMURA,JP
JP3358800005,SHIMIZU,JP
JP3359600008,SHARP,JP
JP3362700001,MITSUI OSK LINES,JP
JP3368000000,RESONAC HOLDINGS,JP
JP3371200001,SHIN-ETSU CHEMICAL,JP
JP3375800004,SHINKO ELEC.INDS. DEAD - DELIST.06/06/25,JP
JP3381000003,NIPPON STEEL,JP
JP3385820000,GS YUASA,JP
JP3385980002,J S R DEAD - DELIST.25/06/24,JP
JP3386030005,JFE HOLDINGS,JP
JP3388200002,AEON,JP
JP3389900006,JAFCO GROUP,JP
JP3396350005,SKY PERFECT JSAT HDG.,JP
JP3397200001,SUZUKI MOTOR,JP
JP3398000004,SUZUKEN,JP
JP3399400005,STANLEY ELECTRIC,JP
JP3400900001,SUMITOMO OSAKA CEMENT,JP
JP3401400001,SUMITOMO CHEMICAL,JP
JP3402600005,SUMITOMO METAL MINING,JP
JP3404200002,SUMITOMO RUBBER INDS.,JP
JP3404600003,SUMITOMO,JP
JP3405400007,SUMITOMO HEAVY INDS.,JP
JP3407200009,OSAKA TITANIUM,JP
JP3407400005,SUMITOMO ELECTRIC IND.,JP
JP3409000001,SUMITOMO REAL.&DEV.,JP
JP3411000007,SURUGA BANK,JP
JP3414750004,SEIKO EPSON,JP
JP3415400005,SEINO HDG.,JP
JP3419050004,SEGA SAMMY HDG.,JP
JP3419400001,SEKISUI CHEMICAL,JP
JP3420600003,SEKISUI HOUSE,JP
JP3421100003,JAPAN PETROLEUM EXP.,JP
JP3421800008,SECOM,JP
JP3425000001,CENTRAL GLASS,JP
JP3429800000,ANA HOLDINGS,JP
JP3435000009,SONY GROUP,JP
JP3436100006,SOFTBANK GROUP,JP
JP3436120004,SBI HDG.,JP
JP3443600006,TAISEI,JP
JP3449020001,TAIHEIYO CEMENT,JP
JP3452000007,TAIYO YUDEN,JP
JP3456000003,TAKASHIMAYA,JP
JP3459600007,TAKARA HDG.,JP
JP3463000004,TAKEDA PHARMACEUTICAL,JP
JP3475350009,DAIICHI SANKYO,JP
JP3481800005,DAIKIN INDUSTRIES,JP
JP3485800001,DAICEL,JP
JP3486800000,DAITO TST.CONSTRUCTION,JP
JP3491000000,DAIDO STEEL,JP
JP3493400000,DIC,JP
JP3493800001,DAI NIPPON PRINTING,JP
JP3494600004,SCREEN HOLDINGS,JP
JP3495000006,SUMITOMO PHARMA,JP
JP3496400007,KDDI,JP
JP3499800005,MITSUBISHI HC CAPITAL,JP
JP3500610005,RESONA HOLDINGS,JP
JP3502200003,DAIWA SECURITIES GROUP,JP
JP3505000004,DAIWA HOUSE INDUSTRY,JP
JP3511800009,CHIBA BANK,JP
JP3519400000,CHUGAI PHARM.,JP
JP3522200009,CHUGOKU ELEC.POWER,JP
JP3526600006,CHUBU ELEC.POWER,JP
JP3528600004,CHIYODA CORPORATION,JP
JP3535800001,TSUMURA,JP
JP3538800008,TDK,JP
JP3539220008,T & D HOLDINGS,JP
JP3539250005,THK,JP
JP3544000007,TEIJIN,JP
JP3546800008,TERUMO,JP
JP3548610009,DENA,JP
JP3549600009,DENKA,JP
JP3551200003,ELEC.POWER DEV.,JP
JP3551500006,DENSO,JP
JP3551520004,DENTSU GROUP,JP
JP3560800009,TOKAI CARBON,JP
JP3566800003,CENTRAL JAPAN RAILWAY,JP
JP3571400005,TOKYO ELECTRON,JP
JP3573000001,TOKYO GAS,JP
JP3574200006,TOKYU,JP
JP3579800008,TOKYO STEEL MNFG.,JP
JP3582600007,TOKYO TATEMONO,JP
JP3585800000,TOKYO ELECTRIC POWER CO. HDG.,JP
JP3588600001,TBS HOLDINGS,JP
JP3592200004,TOSHIBA DEAD - DELIST.20/12/23,JP
JP3595200001,TOSOH,JP
JP3596200000,TOTO,JP
JP3597800006,TOBU RAILWAY,JP
JP3598600009,TOHO,JP
JP3599000001,TOHO ZINC,JP
JP3600200004,TOHO GAS,JP
JP3605400005,TOHOKU ELECTRIC PWR.,JP
JP3613000003,TOYO SUISAN KAISHA,JP
JP3613400005,TOYO SEIKAN GROUP HDG.,JP
JP3619800000,TOYOBO,JP
JP3621000003,TORAY INDS.,JP
JP3625000009,TOKUYAMA,JP
JP3626800001,LIXIL,JP
JP3629000005,TOPPAN HOLDINGS,JP
JP3633400001,TOYOTA MOTOR,JP
JP3634200004,TOYODA GOSEI,JP
JP3634600005,TOYOTA INDS.,JP
JP3635000007,TOYOTA TSUSHO,JP
JP3635400009,TOYOTA BOSHOKU,JP
JP3637300009,TREND MICRO,JP
JP3638600001,DOWA HDG.,JP
JP3657400002,NIKON,JP
JP3658850007,NISHI-NIPPON FINL.HDG.,JP
JP3659000008,WEST JAPAN RAILWAY,JP
JP3663900003,SOJITZ,JP
JP3665200006,NICHIREI,JP
JP3667600005,JGC HOLDINGS,JP
JP3670800006,NISSAN CHEMICAL,JP
JP3672400003,NISSAN MOTOR,JP
JP3675600005,NISSIN FOODS HOLDINGS,JP
JP3676800000,NISSHIN SEIFUN,JP
JP3678000005,NISSHINBO HOLDINGS,JP
JP3684000007,NITTO DENKO,JP
JP3684400009,NITTO BOSEKI,JP
JP3686800008,NIPPON SHEET GLASS,JP
JP3688370000,NIPPON EXPRESS HOLDINGS,JP
JP3689500001,ORACLE JAPAN,JP
JP3695200000,NGK INSULATORS,JP
JP3711200000,AOZORA BANK,JP
JP3711600001,NIPPON SANSO HOLDINGS,JP
JP3718800000,NISSUI,JP
JP3720800006,NSK,JP
JP3721400004,JAPAN STEEL WORKS,JP
JP3726200003,NIPPON SODA,JP
JP3726800000,JAPAN TOBACCO,JP
JP3729000004,SBI SHINSEI BANK,JP
JP3732200005,NIPPON TELEVISION HDG.,JP
JP3733000008,NEC,JP
JP3733400000,NIPPON ELEC.GLASS,JP
JP3734800000,NIDEC,JP
JP3735400008,NTT,JP
JP3738600000,NITERRA,JP
JP3742600004,NHK SPRING,JP
JP3743000006,NH FOODS,JP
JP3753000003,NIPPON YUSEN KK,JP
JP3756100008,NITORI HOLDINGS,JP
JP3756600007,NINTENDO,JP
JP3762600009,NOMURA HDG.,JP
JP3762800005,NOMURA RESEARCH INST.,JP
JP3765400001,HOUSE SHOKUHIN GP.HONSHA K K,JP
JP3766550002,HAKUHODO DY HDG.,JP
JP3768600003,HASEKO,JP
JP3769000005,HACHIJUNI NAGANO BANK,JP
JP3771800004,HAMAMATSU PHOTONICS,JP
JP3774200004,HANKYU HANSHIN HDG.,JP
JP3778630008,BANDAI NAMCO HDG.,JP
JP3780100008,PARK24,JP
JP3783420007,HIKARI TSUSHIN,JP
JP3783600004,EAST JAPAN RAILWAY,JP
JP3786200000,HITACHI METALS DEAD - DELIST.29/12/22,JP
JP3787000003,HITACHI CON.MCH.,JP
JP3788600009,HITACHI,JP
JP3789000001,KANADEVIA,JP
JP3791200003,HITACHI TRANSPORT SYSTEM DEAD - DELIST.24/02/23,JP
JP3792600003,HINO MOTORS,JP
JP3796150005,HIROGIN HOLDINGS,JP
JP3799000009,HIROSE ELECTRIC,JP
JP3802300008,FAST RETAILING,JP
JP3802400006,FANUC,JP
JP3811000003,FUJIKURA,JP
JP3814000000,FUJIFILM HOLDINGS,JP
JP3814800003,SUBARU,JP
JP3818000006,FUJITSU,JP
JP3819400007,FUJI MEDIA HOLDINGS,JP
JP3820000002,FUJI ELECTRIC,JP
JP3826800009,FURUKAWA,JP
JP3827200001,FURUKAWA ELECTRIC,JP
JP3830000000,BROTHER INDUSTRIES,JP
JP3830800003,BRIDGESTONE,JP
JP3834800009,HEIWA REAL ESTATE,JP
JP3835620000,BENESSE HOLDINGS DEAD - DELIST.17/05/24,JP
JP3837800006,HOYA,JP
JP3841800000,HOKUETSU,JP
JP3842400008,HOKUHOKU FINL. GP.,JP
JP3845400005,HOKURIKU ELEC.POWER,JP
JP3850200001,HOKKAIDO ELEC.POWER,JP
JP3854600008,HONDA MOTOR,JP
JP3862400003,MAKITA,JP
JP3863800003,MATSUI SECURITIES,JP
JP3866800000,PANASONIC HOLDINGS,JP
JP3868400007,MAZDA MOTOR,JP
JP3869010003,MATSUKIYOKARA,JP
JP3870000001,MABUCHI MOTOR,JP
JP3870400003,MARUI GROUP,JP
JP3877600001,MARUBENI,JP
JP3885400006,MISUMI GROUP,JP
JP3885780001,MIZUHO FINL.GP.,JP
JP3888300005,MITSUI CHEMICALS,JP
JP3888400003,MITSUI KINZOKU LIMITED,JP
JP3890310000,MS&AD INSURANCE GP.HDG.,JP
JP3890350006,SUMITOMO MITSUI FINL.GP.,JP
JP3891600003,MITSUI E&S,JP
JP3892100003,SUMITOMO MITSUI TRUST GROUP,JP
JP3893200000,MITSUI FUDOSAN,JP
JP3893600001,MITSUI,JP
JP3894900004,ISETAN MITSUKOSHI HDG.,JP
JP3896800004,MITSUBISHI GAS CHM.,JP
JP3898400001,MITSUBISHI,JP
JP3899600005,MITSUBISHI ESTATE,JP
JP3899800001,MITSUBISHI MOTORS,JP
JP3900000005,MITSUBISHI HEAVY INDS.,JP
JP3901200000,MITSUBISHI PAPER MILLS,JP
JP3902000003,MITSUBISHI LOGISTICS,JP
JP3902400005,MITSUBISHI ELECTRIC,JP
JP3902900004,MITSUBISHI UFJ FINL.GP.,JP
JP3903000002,MITSUBISHI MATERIALS,JP
JP3906000009,MINEBEA MITSUMI,JP
JP3910660004,TOKIO MARINE HOLDINGS,JP
JP3914400001,MURATA MANUFACTURING,JP
JP3919800007,MEIDENSHA,JP
JP3931600005,YAKULT HONSHA,JP
JP3933800009,LY,JP
JP3935600001,YAMAZAKI BAKING,JP
JP3939000000,YAMADA HOLDINGS,JP
JP3940000007,YAMATO HDG.,JP
JP3940400009,YAMATO KOGYO,JP
JP3942400007,ASTELLAS PHARMA,JP
JP3942600002,YAMAHA,JP
JP3942800008,YAMAHA MOTOR,JP
JP3944130008,USS,JP
JP3951200009,UNITIKA,JP
JP3951600000,UNI CHARM,JP
JP3955000009,YOKOGAWA ELECTRIC,JP
JP3967200001,RAKUTEN GROUP,JP
JP3973400009,RICOH,JP
JP3977400005,RINNAI,JP
JP3982100004,LAWSON DEAD - DELIST.24/07/24,JP
JP3982800009,ROHM,JP
JP3992400006,WACOAL HDG.,JP
KYG0535Q1331,ASMPT,HK
KYG2108Y1052,CHINA RESOURCES LAND,HK
KYG210961051,CHINA MENGNIU DAIRY,HK
KYG217651051,CK HUTCHISON HOLDINGS,HK
KYG525621408,KINGBOARD HOLDINGS,HK
KYG5427W1309,LEE & MAN PAPER MNFG.,HK
KYG548561284,LIFESTYLE INTL.HDG. DEAD - DELIST.21/12/22,HK
KYG9431R1039,WANT WANT CHINA HOLDINGS,SG
MU0117U00026,GOLDEN AGRI-RESOURCES,SG
NZAIAE0002S6,AUCKLAND INTL.AIRPORT,NZ
NZAIRE0001S2,AIR NEW ZEALAND,NZ
NZCENE0001S6,CONTACT ENERGY,NZ
NZFBUE0001S0,FLETCHER BUILDING,NZ
NZSKCE0001S2,SKY CITY ENTM.GP.,NZ
NZTELE0001S4,SPARK NEW ZEALAND,NZ
SG0531000230,VENTURE CORPORATION,SG
SG1B51001017,JARDINE CYC.& CARR.,SG
SG1F60858221,SINGAPORE TECHS.ENGR.,SG
SG1J26887955,SINGAPORE EXCHANGE,SG
SG1L01001701,DBS GROUP HOLDINGS,SG
SG1M31001969,UNITED OVERSEAS BANK,SG
SG1M51904654,CAPITALAND INTEG. COML. TST.,SG
SG1M77906915,CAPITALAND ASCENDAS REIT,SG
SG1N31909426,COMFORTDELGRO CORPORATION,SG
SG1P66918738,SINGAPORE PRESS HDG. DEAD - DELIST.13/05/22,SG
SG1R50925390,SEMBCORP INDUSTRIES,SG
SG1R89002252,CITY DEVELOPMENTS,SG
SG1S04926220,OVERSEA-CHINESE BKG.,SG
SG1S76928401,COSCO SHIPPING INTERNATIONAL,SG
SG1S83002349,UOL GROUP,SG
SG1T58930911,FRASER AND NEAVE,SG
SG1T75931496,SINGAPORE TELECOM,SG
SG1U68934629,KEPPEL,SG
SG1V61937297,SINGAPORE AIRLINES,SG
SG2B80958517,OUE,SG
SG9999000020,FLEX,SG
SG9999003735,XP POWER (DI),SG
SGXE21576413,GENTING SINGAPORE,SG
SGXE34184239,SEATRIUM,SG
SGXE65760014,OLAM GROUP,SG
US89677Q1076,TRIP COM GROUP ADR 1:1,SG
