year,portfolio,ISIN,name,country,weight,ci,cf_per_weight
2013,mv,HK0006000050,POWER ASSETS HOLDINGS,HK,0.2139778911952697,6673.762504925252,486.0802564073353
2013,mv,HK0002007356,CLP HOLDINGS,HK,0.13258356845993866,2829.3242424076534,1780.619485177722
2013,mv,JP3982100004,LAWSON DEAD - DELIST.24/07/24,JP,0.12429702080528732,1.3658511158070636,0.9878000142050888
2013,mv,JP3414750004,SEIKO EPSON,JP,0.08278693807138635,20.108682311016203,85.74264241326959
2013,mv,JP3977400005,RINNAI,JP,0.06347178215058065,10.926408609698822,7.656471481387113
2013,mv,JP3260800002,KINTETSU GROUP HDG.,JP,0.039234322606524694,3.6024524974727834,5.228456696331669
2013,mv,JP3350800003,SHIKOKU ELECTRIC POWER,JP,0.03182801919701204,1550.5618014714948,3436.199277554688
2013,mv,JP3371200001,SHIN-ETSU CHEMICAL,JP,0.027923863239374225,123.99632080143472,53.606763952058095
2013,mv,HK0019000162,SWIRE PACIFIC 'A',HK,0.02581041701979046,2844.092886297964,1378.1423635960036
2013,mv,JP3429800000,ANA HOLDINGS,JP,0.023473395716812392,572.4537636761308,1332.9158521882644
2013,mv,HK0823032773,LINK REAL ESTATE INVESTMENT TRUST,HK,0.022824159953705608,0.0,0.0
2013,mv,JP3357200009,SHIMADZU,JP,0.020292971203537215,1.1430550624263855,1.62427668542796
2013,mv,SG1J26887955,SINGAPORE EXCHANGE,SG,0.019378144749799528,0.08957828853455699,0.006906723584010266
2013,mv,AU000000ORG5,ORIGIN ENERGY (EX BORAL),AU,0.018256495273066428,950.9628751415604,960.6717319372199
2013,mv,JP3164800009,NOK,JP,0.017838870104324975,7.947415022007363,17.378297842543823
2013,mv,JP3573000001,TOKYO GAS,JP,0.016896531478060375,131.11698355683038,226.02421901896508
2013,mv,AU000000SIG5,SIGMA HEALTHCARE,AU,0.015806832071652278,1.4966958315387144,5.621563236449332
2013,mv,JP3526600006,CHUBU ELEC.POWER,JP,0.014217496963056691,1913.7882534763532,5953.153246663381
2013,mv,JP3119600009,AJINOMOTO,JP,0.014078291093366875,105.22537042051734,151.62674814046957
2013,mv,JP3734800000,NIDEC,JP,0.013810715138720526,2.344924546793303,2.1237098273247565
2013,mv,JP3738600000,NITERRA,JP,0.011736630958566755,24.188200889056272,26.822272257767274
2013,mv,HK0003000038,HONG KONG AND CHINA GAS,HK,0.00892211735959174,249.32330976849352,32.27980017957402
2013,mv,AU000000TLS2,TELSTRA GROUP,AU,0.006640463942407993,2.009111768485008,0.89149161861608
2013,mv,JP3850200001,HOKKAIDO ELEC.POWER,JP,0.006199611185445256,2344.0433940256116,7722.403162703046
2013,mv,JP3522200009,CHUGOKU ELEC.POWER,JP,0.006146891456575362,3122.7360733726646,8642.91321100956
2013,mv,NZAIAE0002S6,AUCKLAND INTL.AIRPORT,NZ,0.005655648499901406,6.711821628593924,0.7591451091350041
2013,mv,BMG8063F1068,SHANGRI-LA ASIA,HK,0.005357774741514756,73.80705822868507,20.107335900176555
2013,mv,JP3539220008,T & D HOLDINGS,JP,0.0036909601513890615,0.10857180229818672,0.3127162864038229
2013,mv,HK0011000095,HANG SENG BANK DEAD - DELIST.28/01/26,HK,0.002323098594595807,0.0,0.0
2013,mv,AU000000SBM8,ST BARBARA,AU,0.002269884620807804,196.55234593529545,121.43992608796076
2013,mv,JP3814800003,SUBARU,JP,0.0019314395148413788,9.318698956141269,17.255395540725964
2013,mv,AU000000COH5,COCHLEAR,AU,0.00033775248309562923,0.008368903393803546,0.001305659451581449
2014,mv,JP3735400008,NTT,JP,0.34558246621673533,2.061799960925142,3.6555173387833775
2014,mv,HK0002007356,CLP HOLDINGS,HK,0.15408114209966536,2840.791553196561,2005.7279541679757
2014,mv,JP3982100004,LAWSON DEAD - DELIST.24/07/24,JP,0.06460394036341663,1.356427662025806,0.8796098321433791
2014,mv,JP3260800002,KINTETSU GROUP HDG.,JP,0.06260573576662738,3.2001016676661247,5.555454399237686
2014,mv,JP3429800000,ANA HOLDINGS,JP,0.052920503521239844,613.9647844565877,1281.5763930383905
2014,mv,HK0006000050,POWER ASSETS HOLDINGS,HK,0.051453653227422645,6805.780051772541,559.110664599122
2014,mv,JP3371200001,SHIN-ETSU CHEMICAL,JP,0.04186491030461247,110.64048421659419,49.78322025484031
2014,mv,JP3414750004,SEIKO EPSON,JP,0.03605503068332787,11.174492014876122,17.896247149077336
2014,mv,HK0003000038,HONG KONG AND CHINA GAS,HK,0.029008221803923425,199.2912378927137,36.848867799477105
2014,mv,HK0293001514,CATHAY PACIFIC AIRWAYS,HK,0.024276353548798,1286.9095693625366,2041.7494164607117
2014,mv,JP3119600009,AJINOMOTO,JP,0.02346779786806355,126.85651243070227,145.4886058494811
2014,mv,HK0823032773,LINK REAL ESTATE INVESTMENT TRUST,HK,0.02343555341517552,0.0,0.0
2014,mv,JP3526600006,CHUBU ELEC.POWER,JP,0.020989298637721553,2032.752493813691,6217.260859598983
2014,mv,JP3357200009,SHIMADZU,JP,0.020721886840428687,1.1406837508957681,1.2366813147122562
2014,mv,JP3734800000,NIDEC,JP,0.01293584105057996,2.1114607110975583,1.064610438773252
2014,mv,AU000000SBM8,ST BARBARA,AU,0.011592347785984556,181.6192337859201,692.8222618401675
2014,mv,JP3814800003,SUBARU,JP,0.011535557508601796,8.412557960612403,8.78227839540729
2014,mv,JP3164800009,NOK,JP,0.009354924557555181,7.8477522363801375,15.862583222370173
2014,mv,JP3522200009,CHUGOKU ELEC.POWER,JP,0.0024171054307318405,3404.147672539395,8594.58543210445
2014,mv,JP3180400008,OSAKA GAS,JP,0.0010526082209589996,279.35820610019783,475.6704600682789
2014,mv,JP3977400005,RINNAI,JP,3.7241314597487734e-05,10.919120264353769,7.237688660812375
2014,mv,JP3738600000,NITERRA,JP,7.87983383187479e-06,20.75724404526741,13.837746243451557
2015,mv,JP3735400008,NTT,JP,0.22609160251739435,2.3277404361186766,3.2621676629623266
2015,mv,HK0002007356,CLP HOLDINGS,HK,0.2122029748107309,3213.992485417491,1700.9586210515922
2015,mv,JP3982100004,LAWSON DEAD - DELIST.24/07/24,JP,0.09924068560834257,1.4974399913197576,0.9237651455838726
2015,mv,JP3260800002,KINTETSU GROUP HDG.,JP,0.06475924555215096,3.439972835742871,5.399900594515589
2015,mv,HK0006000050,POWER ASSETS HOLDINGS,HK,0.0528344206733249,32598.88814506505,398.1548013425282
2015,mv,JP3371200001,SHIN-ETSU CHEMICAL,JP,0.04968690192334775,134.30238220120114,48.46093638403318
2015,mv,JP3414750004,SEIKO EPSON,JP,0.041355158200689475,12.74259832801774,15.693292480102981
2015,mv,JP3977400005,RINNAI,JP,0.0358931707527295,11.655944995909364,8.392356796808206
2015,mv,JP3814800003,SUBARU,JP,0.029775655216012324,7.943844242879426,6.567281802062126
2015,mv,JP3111200006,ASAHI KASEI,JP,0.02367391956344244,290.7275042936948,343.120688340426
2015,mv,JP3621000003,TORAY INDS.,JP,0.019474487924464188,188.19347925227166,224.00070141102404
2015,mv,JP3429800000,ANA HOLDINGS,JP,0.01932723801902777,713.3827928632372,1061.5333745094738
2015,mv,HK0823032773,LINK REAL ESTATE INVESTMENT TRUST,HK,0.018136821249389777,0.0,0.0
2015,mv,JP3734800000,NIDEC,JP,0.016898913793621167,2.0733482460949513,0.8676254212349899
2015,mv,HK0003000038,HONG KONG AND CHINA GAS,HK,0.014309887433133656,220.22477641544694,37.16708965960244
2015,mv,JP3573000001,TOKYO GAS,JP,0.012835939946307112,159.86830633947196,204.55417228686514
2015,mv,JP3596200000,TOTO,JP,0.012397915800281746,36.44212351450396,40.75436083577423
2015,mv,JP3738600000,NITERRA,JP,0.011984750251061426,24.736436507128815,11.337473183632829
2015,mv,JP3538800008,TDK,JP,0.008506881907644304,10.395440367709384,10.693637276575483
2015,mv,BMG988031446,YUE YUEN INDL.HDG.,HK,0.008309251585534956,15.319554300771504,19.841878967769873
2015,mv,JP3357200009,SHIMADZU,JP,0.0077816095761778495,1.5066475171767235,1.308194201429202
2015,mv,AU000000SBM8,ST BARBARA,AU,0.003919292501109704,224.72396857113463,974.5215451450041
2015,mv,JP3027680002,JAPAN REAL ESTATE INV.,JP,0.003585216594292459,13.278871403818808,1.0115604561062648
2015,mv,JP3119600009,AJINOMOTO,JP,0.0035033853612159195,139.66832158244264,99.29023503525019
2015,mv,JP3180400008,OSAKA GAS,JP,0.002572062065380602,299.4948501292371,468.53878148651893
2015,mv,SG1J26887955,SINGAPORE EXCHANGE,SG,0.0009426111731922918,0.08949208909178039,0.007432020982273431
2016,mv,HK0002007356,CLP HOLDINGS,HK,0.23466467630927396,3691.5513617910487,1786.6018641014716
2016,mv,JP3735400008,NTT,JP,0.14529012237400457,2.076606432957789,2.127748278522034
2016,mv,JP3982100004,LAWSON DEAD - DELIST.24/07/24,JP,0.08379248196702042,1.1583536887667913,0.6607455853184734
2016,mv,JP3711200000,AOZORA BANK,JP,0.06958696689588978,0.37792083417435035,0.09343313691139778
2016,mv,HK0006000050,POWER ASSETS HOLDINGS,HK,0.059303983695236,53359.06002298727,461.235142411498
2016,mv,JP3260800002,KINTETSU GROUP HDG.,JP,0.04043200833103635,3.623464149695297,4.510289911132026
2016,mv,JP3414750004,SEIKO EPSON,JP,0.040361048771064424,12.668570794664207,18.148884045430467
2016,mv,JP3573000001,TOKYO GAS,JP,0.03448640880649952,186.68207936414186,278.8784987828608
2016,mv,JP3429800000,ANA HOLDINGS,JP,0.031234493912395005,717.5907058767264,1082.0094722804267
2016,mv,JP3738600000,NITERRA,JP,0.028455990466080543,22.985314425028044,13.368097670999246
2016,mv,JP3357200009,SHIMADZU,JP,0.021760588551428105,1.4152478806662987,0.832317212736118
2016,mv,JP3814800003,SUBARU,JP,0.019003101259795197,6.9496122636648705,5.988083393827919
2016,mv,HK0165000859,CHINA EVERBRIGHT,HK,0.0189699363009084,0.18916127629504811,0.02500783291318258
2016,mv,JP3835620000,BENESSE HOLDINGS DEAD - DELIST.17/05/24,JP,0.01683262343184388,0.04356812158195311,0.056256836768357264
2016,mv,JP3027680002,JAPAN REAL ESTATE INV.,JP,0.016528928840276343,13.959254736286224,0.9818687281992351
2016,mv,JP3802300008,FAST RETAILING,JP,0.016527911388092054,0.8010294282322592,0.3493017466000617
2016,mv,JP3371200001,SHIN-ETSU CHEMICAL,JP,0.014883014905726017,147.1405411077235,73.71652041364547
2016,mv,JP3977400005,RINNAI,JP,0.014547315770095177,13.656520785430182,7.408748114630468
2016,mv,JP3243600008,CANON MARKETING JAPAN,JP,0.013924904636574345,1.552327336858569,3.0102411008551697
2016,mv,JP3359600008,SHARP,JP,0.012974241742580212,6.9723696837902756,75.6309998121583
2016,mv,JP3819400007,FUJI MEDIA HOLDINGS,JP,0.010707709905549092,0.0,0.0
2016,mv,JP3322930003,SUMCO,JP,0.010146800157614913,11.171113531519042,11.275748427801895
2016,mv,JP3119600009,AJINOMOTO,JP,0.007541149130951853,127.7267426891687,80.9709627210659
2016,mv,JP3352400000,CITIZEN WATCH,JP,0.007385840958558544,7.233734559537326,10.415781726941352
2016,mv,JP3180400008,OSAKA GAS,JP,0.005396058987550531,327.20960566857207,480.47414593072284
2016,mv,JP3626800001,LIXIL,JP,0.004443202601341824,36.27882871210158,79.90002253590379
2016,mv,JP3657400002,NIKON,JP,0.004044595403309175,3.3957705334361368,4.01908442567433
2016,mv,JP3111200006,ASAHI KASEI,JP,0.003727624253658146,300.1976325349584,557.8427402844378
2016,mv,AU000000SBM8,ST BARBARA,AU,0.0034542502118589924,296.9349961693119,234.61566014757503
2016,mv,JP3621000003,TORAY INDS.,JP,0.0027918300065139343,193.18386731811924,243.06037461500458
2016,mv,KYG2108Y1052,CHINA RESOURCES LAND,HK,0.002579349945597297,39.52200578206175,31.903439602315366
2016,mv,BMG988031446,YUE YUEN INDL.HDG.,HK,0.0020587948936494184,25.684162473532567,38.57901809599304
2016,mv,JP3596200000,TOTO,JP,0.0008361308163834042,35.23077626401944,29.611507595880475
2016,mv,JP3902900004,MITSUBISHI UFJ FINL.GP.,JP,0.0007703337167507901,0.24906919062634778,0.16645871555325145
2016,mv,SG1J26887955,SINGAPORE EXCHANGE,SG,0.00055558065489172,0.08007287492616937,0.008940089862322616
2017,mv,HK0002007356,CLP HOLDINGS,HK,0.24457086200130335,3735.899409601882,1549.6070776667361
2017,mv,JP3711200000,AOZORA BANK,JP,0.10899401438308604,0.3283342656955824,0.0865731613789599
2017,mv,JP3982100004,LAWSON DEAD - DELIST.24/07/24,JP,0.1007029067478025,0.9770109327523375,0.7253606616384118
2017,mv,JP3735400008,NTT,JP,0.06886256751830212,1.8727427166719461,2.0974230949464796
2017,mv,JP3814800003,SUBARU,JP,0.055588893250326475,9.328360926638966,8.995950247038945
2017,mv,JP3573000001,TOKYO GAS,JP,0.05253059575705036,255.89621202600517,370.97074008262894
2017,mv,JP3260800002,KINTETSU GROUP HDG.,JP,0.045705239465866236,5.372366752314698,8.016978784785223
2017,mv,JP3414750004,SEIKO EPSON,JP,0.04544545119159378,14.633711220830449,15.694015995767217
2017,mv,JP3198900007,ORIENTAL LAND,JP,0.03809335518750987,14.307413863407119,3.015348121940678
2017,mv,JP3243600008,CANON MARKETING JAPAN,JP,0.02441056068053711,1.4897392179253197,2.805335486366924
2017,mv,BMG988031446,YUE YUEN INDL.HDG.,HK,0.023084292134370684,29.071985984109528,42.123530426554204
2017,mv,JP3626800001,LIXIL,JP,0.017546350379955934,35.71964276073402,77.15912879586851
2017,mv,JP3359600008,SHARP,JP,0.015002281612007853,8.334657648902715,10.808959974929016
2017,mv,JP3429800000,ANA HOLDINGS,JP,0.013594337096273635,716.6247257452176,1058.1429685547926
2017,mv,JP3902900004,MITSUBISHI UFJ FINL.GP.,JP,0.013405534342897431,0.2322178627689417,0.12556707756782257
2017,mv,JP3738600000,NITERRA,JP,0.013288943595039753,2.124699725895419,1.4063162999333212
2017,mv,JP3027680002,JAPAN REAL ESTATE INV.,JP,0.013253340797466583,11.916016269099702,0.8767211921467133
2017,mv,JP3400900001,SUMITOMO OSAKA CEMENT,JP,0.012229714369214245,4477.973508993875,5476.287376409471
2017,mv,BMG2178K1009,CKI HOLDINGS,HK,0.011926976355427407,10884.988866221121,345.4651061078485
2017,mv,HK0000055878,CHINA TAIPING INSURANCE HLDGS,HK,0.010349732567666173,0.03812949974237451,0.10456489637965272
2017,mv,JP3819400007,FUJI MEDIA HOLDINGS,JP,0.00958070720238302,0.0,0.0
2017,mv,AU000000SBM8,ST BARBARA,AU,0.007832609465754203,296.2950510320944,150.11338351307904
2017,mv,JP3357200009,SHIMADZU,JP,0.007521350887059795,0.9999410034807946,0.594558599695586
2017,mv,JP3802300008,FAST RETAILING,JP,0.007462528278867343,0.8273025240336739,0.39840397119088977
2017,mv,JP3621000003,TORAY INDS.,JP,0.007224577989022872,185.67294062781542,234.53578114501354
2017,mv,JP3111200006,ASAHI KASEI,JP,0.005291587884541325,172.64555235877594,218.14740619661535
2017,mv,JP3786200000,HITACHI METALS DEAD - DELIST.29/12/22,JP,0.0050872627789716835,42.68889186916027,57.80375791251585
2017,mv,JP3119600009,AJINOMOTO,JP,0.00435593880962694,134.9213488301012,107.74775523566315
2017,mv,HK0165000859,CHINA EVERBRIGHT,HK,0.004141723121449009,0.08869666138364148,0.021016825989450868
2017,mv,JP3352400000,CITIZEN WATCH,JP,0.004123484490765092,7.962326344679286,10.988490711545406
2017,mv,JP3734800000,NIDEC,JP,0.0037698335231182915,8.594251890881909,3.1099813083055228
2017,mv,AU000000SIG5,SIGMA HEALTHCARE,AU,0.0024765781557569587,1.3424848985104867,4.634783136675504
2017,mv,JP3596200000,TOTO,JP,0.0015876258396172683,34.767684542548714,25.73677085347893
2017,mv,KYG2108Y1052,CHINA RESOURCES LAND,HK,0.0009582421393685827,37.23237240633744,30.429927706342617
2018,mv,HK0002007356,CLP HOLDINGS,HK,0.3704003022036832,3248.8319877729405,1481.842824308344
2018,mv,JP3982100004,LAWSON DEAD - DELIST.24/07/24,JP,0.1387199348583444,0.8486212733046378,0.7533958208690642
2018,mv,JP3400900001,SUMITOMO OSAKA CEMENT,JP,0.04882890091765117,4249.23217415426,4747.74747444104
2018,mv,JP3814800003,SUBARU,JP,0.039373340139962,8.66108315643986,10.688367954133193
2018,mv,JP3786200000,HITACHI METALS DEAD - DELIST.29/12/22,JP,0.038571725545579305,39.08981291231421,57.63650356313529
2018,mv,BMG988031446,YUE YUEN INDL.HDG.,HK,0.03761170210507565,5.346274103473285,6.626010773402703
2018,mv,JP3902900004,MITSUBISHI UFJ FINL.GP.,JP,0.03742806559375906,0.21647679192660813,0.11118274258968806
2018,mv,MU0117U00026,GOLDEN AGRI-RESOURCES,SG,0.036142154448092885,261.78488713150523,546.0920635174764
2018,mv,JP3573000001,TOKYO GAS,JP,0.03298609461235075,250.0563299625928,342.3602855049639
2018,mv,JP3414750004,SEIKO EPSON,JP,0.030365455926284615,13.815453253442547,15.828992151142598
2018,mv,JP3657400002,NIKON,JP,0.029532012034158475,6.267423685601022,5.141801586439205
2018,mv,JP3711200000,AOZORA BANK,JP,0.028623002188568027,0.0643597452319485,0.016407496585189776
2018,mv,JP3228600007,KANSAI ELECTRIC PWR.,JP,0.02294522803486829,1182.609563114172,2752.1966242942117
2018,mv,JP3326410002,SANKYO,JP,0.0208626400760017,2.4648737074611247,0.46631582615969047
2018,mv,JP3260800002,KINTETSU GROUP HDG.,JP,0.01414701786899496,5.365551297110267,7.9461324222463
2018,mv,JP3198900007,ORIENTAL LAND,JP,0.013384643077179363,13.750114584288202,1.6722533865221392
2018,mv,JP3802300008,FAST RETAILING,JP,0.011753841193479117,0.7029763369413867,0.26581177683796786
2018,mv,HK0823032773,LINK REAL ESTATE INVESTMENT TRUST,HK,0.009257418362941349,0.0,0.0
2018,mv,JP3359600008,SHARP,JP,0.008631155923988556,12.19924979234705,14.937474785938631
2018,mv,AU000000SBM8,ST BARBARA,AU,0.007663287560143973,271.0772147104568,91.381019967725
2018,mv,JP3322930003,SUMCO,JP,0.007474916187696394,10.58840620345072,3.232342038676912
2018,mv,JP3293200006,COCA-COLA BOTTLERS JAPAN HOLDINGS,JP,0.006676545142344613,28.377532551711088,30.861636327617706
2018,mv,BMG2108M2182,CHINESE ESTATES HDG.,HK,0.0057263395796051456,0.016502416056850825,0.0009820590094707317
2018,mv,JP3429800000,ANA HOLDINGS,JP,0.0010719655191524966,660.8214561384347,832.4758061718832
2018,mv,JP3600200004,TOHO GAS,JP,0.0010666223002694685,17.607000542154125,21.00876436556341
2018,mv,JP3119600009,AJINOMOTO,JP,0.0007556885998249525,120.57958367223887,116.91292087866258
2019,mv,HK0002007356,CLP HOLDINGS,HK,0.10873735872509104,3282.525779349896,1313.2696723470287
2019,mv,JP3522200009,CHUGOKU ELEC.POWER,JP,0.07877845062716012,1626.3050994119153,4107.228677279656
2019,mv,JP3814000000,FUJIFILM HOLDINGS,JP,0.07402339641887154,30.328064358679907,30.813885507156666
2019,mv,JP3486800000,DAITO TST.CONSTRUCTION,JP,0.07177886474531958,2.672341783908056,3.697715019502412
2019,mv,AU000000CBA7,COMMONWEALTH BK.OF AUS.,AU,0.06461555100115543,0.25666178558163366,0.08506555090655508
2019,mv,JP3802300008,FAST RETAILING,JP,0.06063112140826098,0.6232983814773667,0.2495111752392375
2019,mv,JP3573000001,TOKYO GAS,JP,0.0500630501792018,208.46856482291676,300.59289183263644
2019,mv,JP3027670003,NIPPON BUILDING FUND,JP,0.048442567214617024,20.454189876519155,1.5226329309749993
2019,mv,JP3613400005,TOYO SEIKAN GROUP HDG.,JP,0.04690355930131341,62.07885064810182,99.0114293148806
2019,mv,JP3194000000,OKI ELECTRIC IND.,JP,0.04286353993861987,2.575807515656158,9.292590286987666
2019,mv,MU0117U00026,GOLDEN AGRI-RESOURCES,SG,0.035351156300396744,533.2694291724541,1575.4074770439825
2019,mv,AU000000CSR5,CSR DEAD - DEAD.10/07/24,AU,0.02749010897449988,157.75809305425724,290.2207515953675
2019,mv,JP3326410002,SANKYO,JP,0.026670093283580058,1.3740123569358378,0.3465502628054372
2019,mv,JP3228600007,KANSAI ELECTRIC PWR.,JP,0.023758307027023726,961.7008032921666,2090.750706231177
2019,mv,JP3711600001,NIPPON SANSO HOLDINGS,JP,0.023208269279610626,2.210273065028286,2.0343041807857065
2019,mv,JP3778630008,BANDAI NAMCO HDG.,JP,0.0228700579401668,0.930125036545483,0.6412145996106464
2019,mv,AU000000LLC3,LENDLEASE GROUP STAPLED UNITS,AU,0.02282163508832853,10.42068597250213,23.78903041916939
2019,mv,JP3579800008,TOKYO STEEL MNFG.,JP,0.02156340381697346,179.9284537052898,250.74900146014724
2019,mv,JP3939000000,YAMADA HOLDINGS,JP,0.020858434401218897,0.6883388785913394,2.1113304548861462
2019,mv,JP3598600009,TOHO,JP,0.019813609262219267,3.266095754698117,1.0411255379899493
2019,mv,JP3982100004,LAWSON DEAD - DELIST.24/07/24,JP,0.017471812019778845,0.6965474989987129,0.7172057663343613
2019,mv,JP3421800008,SECOM,JP,0.016868094842948024,6.9021675471869,3.282865708116952
2019,mv,JP3592200004,TOSHIBA DEAD - DELIST.20/12/23,JP,0.016319373480727654,9.800564564404251,18.582707806595547
2019,mv,BMG8403G1033,SINOFERT HOLDINGS,HK,0.016052861815737087,456.8405979070141,1903.7596694373708
2019,mv,JP3894900004,ISETAN MITSUKOSHI HDG.,JP,0.014203467518360833,2.1810892702180062,6.1017768523251155
2019,mv,JP3551520004,DENTSU GROUP,JP,0.009625474075188031,0.5249081706015987,0.3517457758844017
2019,mv,AU000000QAN2,QANTAS AIRWAYS,AU,0.007735825565807393,966.7178020524578,1971.2291250442115
2019,mv,BMG4600H1198,HOPSON DEVELOPMENT HOLDINGS,HK,0.006656710072570119,0.8441005341444568,0.6983240223463687
2019,mv,JP3495000006,SUMITOMO PHARMA,JP,0.002467732930012426,19.642255727619755,8.784018739239977
2019,mv,NZAIRE0001S2,AIR NEW ZEALAND,NZ,0.0008565312285720057,999.3836669449203,1887.422472234242
2019,mv,JP3814800003,SUBARU,JP,0.00029531745091713183,9.138230418186033,14.867607397202491
2019,mv,AU000000SIG5,SIGMA HEALTHCARE,AU,0.00020426406575163727,1.5485696355924867,11.23843643412755
2020,mv,JP3143900003,ITOCHU TECHNO-SOLUTIONS DEAD - DELIST.01/12/23,JP,0.18862265643172207,0.22929922437439412,0.1413398909823472
2020,mv,HK0002007356,CLP HOLDINGS,HK,0.16011366985000408,4088.807021090376,1727.0122248190476
2020,mv,JP3768600003,HASEKO,JP,0.13256871307565593,4.186119247648935,8.304022372264912
2020,mv,JP3326410002,SANKYO,JP,0.0887492864471382,1.261634629695353,0.4633386450498026
2020,mv,JP3982100004,LAWSON DEAD - DELIST.24/07/24,JP,0.061089311023706516,0.6757671985004575,0.7791249906937848
2020,mv,JP3573000001,TOKYO GAS,JP,0.06011732693074306,188.65962478881906,350.3478215176417
2020,mv,JP3119600009,AJINOMOTO,JP,0.05993171269408495,98.99122856719717,104.74763460745285
2020,mv,JP3814000000,FUJIFILM HOLDINGS,JP,0.04196333914939948,29.15738608870248,24.378417744407116
2020,mv,JP3305990008,YOKOHAMA FINANCIAL GROUP,JP,0.03754680072519163,0.34863937672576495,0.20308396011639313
2020,mv,MU0117U00026,GOLDEN AGRI-RESOURCES,SG,0.03517284384180527,608.555596091616,2026.9741733872015
2020,mv,JP3613000003,TOYO SUISAN KAISHA,JP,0.030518360356426074,44.56452403306815,35.29937067709079
2020,mv,HK0165000859,CHINA EVERBRIGHT,HK,0.02580666346480832,0.21518100804211848,0.03338904419645199
2020,mv,JP3522200009,CHUGOKU ELEC.POWER,JP,0.02569133570795001,1517.2396623926413,3664.529462083463
2020,mv,JP3935600001,YAMAZAKI BAKING,JP,0.01646543877420964,40.05612364905345,92.5021232904259
2020,mv,JP3228600007,KANSAI ELECTRIC PWR.,JP,0.006030486534000929,881.3949286034365,2456.4889143466444
2020,mv,JP3452000007,TAIYO YUDEN,JP,0.006007311666060056,15.092382797005516,10.158604468223103
2020,mv,HK0270001396,GUANGDONG INVESTMENT,HK,0.00599312439107254,1455.209579974441,236.93787394295757
2020,mv,AU000000MTS0,METCASH,AU,0.00583716229744057,1.6434646190953348,9.01822179329034
2020,mv,KYG210961051,CHINA MENGNIU DAIRY,HK,0.0045447996138975435,18.178459495016245,14.194349026875985
2020,mv,BMG668971101,CTF SERVICES,HK,0.004160529218619877,5.8766724787603275,3.8974336500018922
2020,mv,JP3419050004,SEGA SAMMY HDG.,JP,0.0009155662484011859,1.7357108549471663,1.5963335680070678
2020,mv,KYG548561284,LIFESTYLE INTL.HDG. DEAD - DELIST.21/12/22,HK,0.0007367482518150832,4.386061097831093e-05,1.3210475907394563e-05
2020,mv,JP3359600008,SHARP,JP,0.0005942962976391538,11.490639118923326,34.27979111092369
2020,mv,AU000000WOW2,WOOLWORTHS GROUP,AU,0.00046493591794680405,11.535481980847672,13.517605626823405
2020,mv,BMG988031446,YUE YUEN INDL.HDG.,HK,0.00035758109026069713,1.7661900014217828,4.062160076188069
2021,mv,HK0002007356,CLP HOLDINGS,HK,0.19483582628511986,4644.565133232988,2027.946454389277
2021,mv,JP3143900003,ITOCHU TECHNO-SOLUTIONS DEAD - DELIST.01/12/23,JP,0.15936231780394627,0.2166118352335969,0.11885476206710885
2021,mv,JP3326410002,SANKYO,JP,0.0899374965390844,1.8185396288575635,0.5028670475960134
2021,mv,JP3768600003,HASEKO,JP,0.08557262855006317,5.143856319602523,10.80590746832785
2021,mv,JP3982100004,LAWSON DEAD - DELIST.24/07/24,JP,0.07869176820510419,0.6677848179898124,0.8783199985293246
2021,mv,JP3119600009,AJINOMOTO,JP,0.059262441736979955,99.72557970792427,83.83347834505477
2021,mv,JP3814000000,FUJIFILM HOLDINGS,JP,0.04699431250479443,31.235484561375223,21.65013848332349
2021,mv,JP3573000001,TOKYO GAS,JP,0.04606682364716909,229.71995984492764,405.85329958629217
2021,mv,MU0117U00026,GOLDEN AGRI-RESOURCES,SG,0.032903097039549266,1139.2550403638295,4648.941457666683
2021,mv,JP3613000003,TOYO SUISAN KAISHA,JP,0.030392589696943778,41.911676497302835,33.15027259770161
2021,mv,JP3868400007,MAZDA MOTOR,JP,0.026058883234777227,3.5979663552311503,20.82045470155917
2021,mv,JP3522200009,CHUGOKU ELEC.POWER,JP,0.02386469331756331,1420.766108939054,3711.7834490058985
2021,mv,JP3305990008,YOKOHAMA FINANCIAL GROUP,JP,0.01870312387534553,0.3320488286540663,0.2058207553982812
2021,mv,BMG2624N1535,DFI RETAIL GROUP HOLDINGS,HK,0.018359361299698028,34.06364158820269,59.60896518836432
2021,mv,BMG507361001,JARDINE MATHESON HDG.,HK,0.0165115151603155,134.52902031912583,103.74854075211613
2021,mv,JP3802300008,FAST RETAILING,JP,0.015558740421423254,0.5256680528634731,0.10858860154252334
2021,mv,HK0165000859,CHINA EVERBRIGHT,HK,0.013404030996240445,0.052137859120194315,0.011209615358952344
2021,mv,KYG548561284,LIFESTYLE INTL.HDG. DEAD - DELIST.21/12/22,HK,0.009799915388943627,0.00011667703795892968,2.7451913398363867e-05
2021,mv,HK0270001396,GUANGDONG INVESTMENT,HK,0.008062485438416981,1015.4118972047365,256.3484676523143
2021,mv,JP3419050004,SEGA SAMMY HDG.,JP,0.004997990544647624,2.163697397703775,1.436885968842709
2021,mv,JP3835620000,BENESSE HOLDINGS DEAD - DELIST.17/05/24,JP,0.004838085466261214,0.01859311296417034,0.038372597925860105
2021,mv,JP3436120004,SBI HDG.,JP,0.004580924422969112,0.01998389533140939,0.01393122889828564
2021,mv,JP3786200000,HITACHI METALS DEAD - DELIST.29/12/22,JP,0.0033855792151888664,48.36735030514765,50.05012244921576
2021,mv,AU000000MTS0,METCASH,AU,0.002128418482551831,1.439809139933286,5.731460789651011
2021,mv,JP3633400001,TOYOTA MOTOR,JP,0.0019450663815551552,9.744521593169779,10.585344491179342
2021,mv,JP3735400008,NTT,JP,0.0018839237959046404,2.124363165238635,2.4285179020544034
2021,mv,JP3201200007,OLYMPUS,JP,0.0011858471757292192,4.222985896293734,1.1253974739029087
2021,mv,JP3935600001,YAMAZAKI BAKING,JP,0.000617572721330649,39.97926878124545,96.01990049751244
2021,mv,JP3814800003,SUBARU,JP,5.765153763996485e-05,5.940259083276522,11.17999652165003
2021,mv,JP3539220008,T & D HOLDINGS,JP,3.688911474315172e-05,0.0967828546036112,0.25179514418014726
2022,mv,JP3143900003,ITOCHU TECHNO-SOLUTIONS DEAD - DELIST.01/12/23,JP,0.1469974369030058,0.058995628694122754,0.041892451523877904
2022,mv,HK0002007356,CLP HOLDINGS,HK,0.13944576602157652,4097.363173541027,1747.9278970337773
2022,mv,JP3573000001,TOKYO GAS,JP,0.13361808415135526,183.05376356392028,353.42561604927477
2022,mv,JP3326410002,SANKYO,JP,0.07823003543749842,1.2724659553237594,0.5269485724188726
2022,mv,JP3768600003,HASEKO,JP,0.06600702322299677,5.252200178528365,10.55352092483741
2022,mv,JP3119600009,AJINOMOTO,JP,0.06416653071373891,101.71065117850704,64.20143414449112
2022,mv,MU0117U00026,GOLDEN AGRI-RESOURCES,SG,0.060625273423500894,769.8408702105199,3347.7783729351017
2022,mv,JP3735400008,NTT,JP,0.05118290054669715,1.3298251226204865,1.3564555451036862
2022,mv,HK0011000095,HANG SENG BANK DEAD - DELIST.28/01/26,HK,0.040151706546100924,0.01935994758300929,0.002664099863748959
2022,mv,JP3789000001,KANADEVIA,JP,0.03554757994552458,66.14804142501329,221.08499000273054
2022,mv,JP3613400005,TOYO SEIKAN GROUP HDG.,JP,0.025275140551091646,56.767973074623136,160.14127751801087
2022,mv,AU000000ELD6,ELDERS,AU,0.015005525748590823,35.461098370442826,51.94636503723306
2022,mv,JP3868400007,MAZDA MOTOR,JP,0.014672426447461674,3.5968748719540358,19.667318188822474
2022,mv,JP3835620000,BENESSE HOLDINGS DEAD - DELIST.17/05/24,JP,0.01391595031789104,0.019569241848432308,0.03617892649889292
2022,mv,JP3305990008,YOKOHAMA FINANCIAL GROUP,JP,0.013767624867914805,0.3266722498857803,0.1677749441574552
2022,mv,JP3436120004,SBI HDG.,JP,0.013642092846200372,0.21037098169561927,0.19888081695768997
2022,mv,JP3814000000,FUJIFILM HOLDINGS,JP,0.013118885258769445,31.08977407513227,19.242491074653156
2022,mv,JP3982100004,LAWSON DEAD - DELIST.24/07/24,JP,0.012734117652221487,0.6952442972586517,0.9736218035648467
2022,mv,JP3814800003,SUBARU,JP,0.012715738957882815,6.73523616904341,11.506836718092368
2022,mv,JP3352000008,77 BANK,JP,0.011701240005570789,1.4434185758140277,1.438018772787216
2022,mv,JP3613000003,TOYO SUISAN KAISHA,JP,0.010410083860061457,51.31634288204061,37.70778394777597
2022,mv,JP3260800002,KINTETSU GROUP HDG.,JP,0.009026856091668378,6.35458324375821,7.094004708011396
2022,mv,JP3935600001,YAMAZAKI BAKING,JP,0.007342818401958838,41.60916887912287,124.30988539472445
2022,mv,JP3243600008,CANON MARKETING JAPAN,JP,0.004990303586036931,1.2467551627308684,2.1752726773170794
2022,mv,JP3802300008,FAST RETAILING,JP,0.004674424590704038,0.5204082548784132,0.16097384381669017
2022,mv,SG1J26887955,SINGAPORE EXCHANGE,SG,0.0006703111271059792,0.04463807449201872,0.004728030194551688
2022,mv,JP3419050004,SEGA SAMMY HDG.,JP,0.00028731236296831547,2.649719089931067,1.499433112605321
2022,mv,HK0308001558,CTII.INTL.INV.HK.,HK,4.348481674331585e-05,25.163716927599644,10.36204879164577
2022,mv,HK0165000859,CHINA EVERBRIGHT,HK,3.33255971625887e-05,0.02496949928252198,0.00415625411021965
2023,mv,JP3819400007,FUJI MEDIA HOLDINGS,JP,0.19258448778544332,0.0,0.0
2023,mv,JP3573000001,TOKYO GAS,JP,0.10181615927681113,184.86619057802574,469.02052204951514
2023,mv,HK0002007356,CLP HOLDINGS,HK,0.09157570712335342,2973.187555757492,2030.187623319149
2023,mv,JP3613000003,TOYO SUISAN KAISHA,JP,0.08755425948601128,56.0850947957693,40.111672299260704
2023,mv,JP3352000008,77 BANK,JP,0.06882344076092482,1.2516186545046653,0.8841106294718465
2023,mv,JP3027680002,JAPAN REAL ESTATE INV.,JP,0.06387150198878751,4.825109279629377,0.4593268923113461
2023,mv,MU0117U00026,GOLDEN AGRI-RESOURCES,SG,0.05844213848875501,603.6702276988625,2905.6268959150148
2023,mv,JP3119600009,AJINOMOTO,JP,0.056753911712524044,94.58505467163413,59.19890767321872
2023,mv,HK0011000095,HANG SENG BANK DEAD - DELIST.28/01/26,HK,0.04840713560122179,0.022632029336441768,0.004474205412337929
2023,mv,JP3778630008,BANDAI NAMCO HDG.,JP,0.02987775397641465,0.7839395577614235,0.4106904100339484
2023,mv,JP3789000001,KANADEVIA,JP,0.026805353972223722,52.39855718720311,178.22584274719833
2023,mv,HK0008011667,PCCW,HK,0.019656860520632695,1.1046460805286993,1.3031421630620763
2023,mv,JP3274400005,GLORY,JP,0.018532277831493388,9.417142023260118,16.26753335614095
2023,mv,JP3835620000,BENESSE HOLDINGS DEAD - DELIST.17/05/24,JP,0.015865874745582608,0.022728411978309,0.04646426070905735
2023,mv,JP3613400005,TOYO SEIKAN GROUP HDG.,JP,0.015599796237325698,56.57442030489395,149.66892003678237
2023,mv,JP3768600003,HASEKO,JP,0.01544447253569679,4.471751499974002,10.034392658244053
2023,mv,JP3180400008,OSAKA GAS,JP,0.013674584328194458,265.7674259136431,646.1935917235351
2023,mv,JP3027670003,NIPPON BUILDING FUND,JP,0.013488744151936854,5.613732887397854,0.5806548837556662
2023,mv,JP3868400007,MAZDA MOTOR,JP,0.012665248728944582,3.9703725878449325,22.25175995667799
2023,mv,JP3040890000,JAPAN PRIME REALTY INV.,JP,0.011180850405191851,4.9838198902867425,0.5259908901300001
2023,mv,JP3735400008,NTT,JP,0.010312580726423664,1.6643665154843688,1.5308171003705129
2023,mv,JP3814800003,SUBARU,JP,0.007160794268638389,5.869678093817494,12.694645300822408
2023,mv,JP3676800000,NISSHIN SEIFUN,JP,0.006880081686006589,13.760793311392328,22.03526172846717
2023,mv,JP3496400007,KDDI,JP,0.0041754798271866796,2.020724688487329,1.2264991423956304
2023,mv,JP3160400002,EISAI,JP,0.00375331688860491,8.275238108841494,2.5920067742345565
2023,mv,AU000000ELD6,ELDERS,AU,0.0016066042070711523,24.19413483937441,56.67027109788423
2023,mv,JP3201200007,OLYMPUS,JP,0.0013686211494997936,4.399265709567274,1.1640321898046309
2023,mv,JP3814000000,FUJIFILM HOLDINGS,JP,0.0012148597101505258,28.61876620450384,22.574324587220215
2023,mv,JP3419050004,SEGA SAMMY HDG.,JP,0.0009071018789485322,2.3863905086544506,1.7289064275099828
2024,mv,JP3819400007,FUJI MEDIA HOLDINGS,JP,0.16134145544121872,0.0,0.0
2024,mv,JP3573000001,TOKYO GAS,JP,0.09962758377884506,239.67759851146627,463.35344997616335
2024,mv,HK0002007356,CLP HOLDINGS,HK,0.08882876675559359,3413.9907142682205,1831.9038658442714
2024,mv,HK0011000095,HANG SENG BANK DEAD - DELIST.28/01/26,HK,0.06602171717837649,0.01285537728133312,0.005900130607781794
2024,mv,JP3352000008,77 BANK,JP,0.06467661706011796,1.2459203771482,0.6200452229819926
2024,mv,MU0117U00026,GOLDEN AGRI-RESOURCES,SG,0.06209763985969657,720.6235909534727,2721.822956203814
2024,mv,JP3027680002,JAPAN REAL ESTATE INV.,JP,0.04586745204361618,5.189335612815843,0.4869633376492802
2024,mv,JP3778630008,BANDAI NAMCO HDG.,JP,0.04423598285226597,1.1469445176866937,0.5544238549972708
2024,mv,HK0008011667,PCCW,HK,0.037517959006016274,1.1785216133510878,1.366564130198861
2024,mv,JP3180400008,OSAKA GAS,JP,0.03679297600813558,300.86114042848374,509.13757723745
2024,mv,JP3613000003,TOYO SUISAN KAISHA,JP,0.03394507193266716,52.809914349908375,27.994488270812308
2024,mv,JP3274400005,GLORY,JP,0.03394269939608676,7.964245574136108,15.02190435100063
2024,mv,JP3119600009,AJINOMOTO,JP,0.03211177350269167,81.23740997746677,36.353675418554644
2024,mv,JP3789000001,KANADEVIA,JP,0.030556819543043838,56.7120882052194,192.82731515598132
2024,mv,JP3027670003,NIPPON BUILDING FUND,JP,0.02646671110935358,6.1221219585763125,0.5680426797271296
2024,mv,JP3814800003,SUBARU,JP,0.02401010715097939,5.132377246189555,10.378211553396232
2024,mv,HK0270001396,GUANGDONG INVESTMENT,HK,0.02016460142235558,915.6258747168026,770.2747599578091
2024,mv,JP3160400002,EISAI,JP,0.02007101069546808,9.612048039269606,3.5721769281160602
2024,mv,JP3735400008,NTT,JP,0.017288688801937412,1.6746789260904795,1.3099475671653784
2024,mv,JP3613400005,TOYO SEIKAN GROUP HDG.,JP,0.015549765577149082,58.15927467525118,133.7110972983131
2024,mv,JP3814000000,FUJIFILM HOLDINGS,JP,0.01382141687537966,28.58579472850527,21.19248573930156
2024,mv,JP3675600005,NISSIN FOODS HOLDINGS,JP,0.0103934107591746,59.373946215893596,28.96429923047811
2024,mv,JP3676800000,NISSHIN SEIFUN,JP,0.005198804986006208,26.18510284111857,35.1737819319317
2024,mv,JP3868400007,MAZDA MOTOR,JP,0.0038815113456771477,3.5355104459497158,14.858032822986438
2024,mv,JP3143000002,ITO EN,JP,0.0030724756257536298,13.524943294201163,15.85791309863622
2024,mv,AU000000ELD6,ELDERS,AU,0.001072414840889632,26.422330540999642,61.688591761915035
2024,mv,JP3496400007,KDDI,JP,0.001061854673801839,0.7325894256003673,0.3718701279676889
2024,mv,JP3201200007,OLYMPUS,JP,0.00038271177770214627,4.105339466174771,1.373209184178941
