year,rank,ISIN,name,country,cf_per_weight_tco2e_per_musd_invested,vw_weight,vw_cf_contribution
2013,1,JP3526600006,CHUBU ELEC.POWER,JP,5953.153246663381,0.0030753914718391084,18.308276725339862
2013,2,JP3551200003,ELEC.POWER DEV.,JP,14430.503346841644,0.0012463693558365174,17.98573716079973
2013,3,JP3228600007,KANSAI ELECTRIC PWR.,JP,6032.378702309749,0.00285144593439361,17.201001725423737
2013,4,JP3522200009,CHUGOKU ELEC.POWER,JP,8642.91321100956,0.0015800681242797078,13.656391665632182
2013,5,JP3605400005,TOHOKU ELECTRIC PWR.,JP,10316.567935228808,0.0013162773125879788,13.579464316914288
2013,6,HK0002007356,CLP HOLDINGS,HK,1780.619485177722,0.007141917099158694,12.717036748285922
2013,7,AU000000BHP4,BHP GROUP,AU,173.69586186189173,0.042115743296134024,7.315330329776188
2013,8,JP3753000003,NIPPON YUSEN KK,JP,5197.49120604621,0.0013005360517783602,6.759524692264086
2013,9,JP3362700001,MITSUI OSK LINES,JP,4941.733043187318,0.0012820216157437268,6.335408580601169
2013,10,JP3845400005,HOKURIKU ELEC.POWER,JP,7788.31920333737,0.0007906941044446088,6.15817807761159
2014,1,JP3526600006,CHUBU ELEC.POWER,JP,6217.260859598983,0.002655376394871755,16.509167727339218
2014,2,JP3551200003,ELEC.POWER DEV.,JP,11241.18567595708,0.0014427591354046318,16.218323326766768
2014,3,JP3228600007,KANSAI ELECTRIC PWR.,JP,5449.002894618201,0.002846521133965498,15.510701898569883
2014,4,JP3522200009,CHUGOKU ELEC.POWER,JP,8594.58543210445,0.0014328104578675248,12.314411888155135
2014,5,JP3605400005,TOHOKU ELECTRIC PWR.,JP,7728.225798821047,0.001584457328005176,12.245043999420663
2014,6,HK0002007356,CLP HOLDINGS,HK,2005.7279541679757,0.005717308285805561,11.467365051436403
2014,7,AU000000BHP4,BHP GROUP,AU,220.14781131373547,0.03091722153381718,6.806358652571744
2014,8,JP3753000003,NIPPON YUSEN KK,JP,3701.552033183536,0.0016466830377482693,6.0952829463859475
2014,9,JP3362700001,MITSUI OSK LINES,JP,3805.5266901401346,0.00148599000723405,5.654974633810709
2014,10,JP3845400005,HOKURIKU ELEC.POWER,JP,7143.87659454643,0.0007773131436866329,5.553029173816243
2015,1,JP3585800000,TOKYO ELECTRIC POWER CO. HDG.,JP,14717.901439218125,0.0017910992739847784,26.36122258236311
2015,2,JP3526600006,CHUBU ELEC.POWER,JP,6111.478740415972,0.0026265047188726675,16.051827750992537
2015,3,JP3551200003,ELEC.POWER DEV.,JP,8179.98693379791,0.0017929457764676207,14.666273024513284
2015,4,JP3228600007,KANSAI ELECTRIC PWR.,JP,5366.339865060795,0.0023095950020009604,12.39407173138292
2015,5,JP3522200009,CHUGOKU ELEC.POWER,JP,7972.264981238875,0.0013968371006805856,11.135955502251074
2015,6,JP3605400005,TOHOKU ELECTRIC PWR.,JP,6399.597896399559,0.0017303002649205039,11.073225935524857
2015,7,HK0002007356,CLP HOLDINGS,HK,1700.9586210515922,0.006096543831889555,10.369968789471447
2015,8,AU000000BHP4,BHP GROUP,AU,278.46452240912976,0.02015594930911971,5.612716798066648
2015,9,JP3753000003,NIPPON YUSEN KK,JP,4027.969949453419,0.001368426450144285,5.511980619218397
2015,10,JP3362700001,MITSUI OSK LINES,JP,4479.880682643947,0.0011380556073436385,5.09835333111339
2016,1,JP3585800000,TOKYO ELECTRIC POWER CO. HDG.,JP,10622.877215161927,0.0023786426341643467,25.268028641477187
2016,2,JP3381000003,NIPPON STEEL,JP,5201.934418219162,0.00472880577929318,24.59893754037888
2016,3,JP3526600006,CHUBU ELEC.POWER,JP,5355.139298278977,0.0029068205181142096,15.56642878959706
2016,4,JP3386030005,JFE HOLDINGS,JP,7022.39077101229,0.0021529238888640563,15.118672847850839
2016,5,JP3551200003,ELEC.POWER DEV.,JP,8531.653396257367,0.0017523066976516725,14.950073388304421
2016,6,JP3228600007,KANSAI ELECTRIC PWR.,JP,3888.6940407159286,0.0029709739944344046,11.553208867279068
2016,7,JP3522200009,CHUGOKU ELEC.POWER,JP,7989.401932863345,0.0014208125209277534,11.351442300936634
2016,8,JP3605400005,TOHOKU ELECTRIC PWR.,JP,6173.073987130439,0.001828505361589954,11.287498882959481
2016,9,HK0002007356,CLP HOLDINGS,HK,1786.6018641014716,0.005916613847127785,10.57063332844708
2016,10,JP3246400000,KYUSHU ELEC.POWER,JP,5452.789746375877,0.0013939278169440156,7.600795307420439
2017,1,JP3585800000,TOKYO ELECTRIC POWER CO. HDG.,JP,14521.123843598596,0.0014327575487576459,20.805249803360528
2017,2,JP3381000003,NIPPON STEEL,JP,3858.150125389879,0.00538975970539284,20.794502083182703
2017,3,JP3526600006,CHUBU ELEC.POWER,JP,5773.405293449903,0.002346414231691805,13.546800345875655
2017,4,JP3386030005,JFE HOLDINGS,JP,4912.604761296534,0.002615829202558065,12.850534995225265
2017,5,JP3551200003,ELEC.POWER DEV.,JP,12303.947772482741,0.0010271432621683555,12.637917052576993
2017,6,JP3522200009,CHUGOKU ELEC.POWER,JP,10043.332811644103,0.0009554442862777233,9.595844950070939
2017,7,JP3605400005,TOHOKU ELECTRIC PWR.,JP,6568.307672017667,0.0014527015790702354,9.541790926959207
2017,8,JP3228600007,KANSAI ELECTRIC PWR.,JP,3905.388526326512,0.0023625521671848996,9.226684126571742
2017,9,HK0002007356,CLP HOLDINGS,HK,1549.6070776667361,0.00576649066223468,8.935794743498004
2017,10,JP3246400000,KYUSHU ELEC.POWER,JP,5313.794029614257,0.001209167585684359,6.425267497612633
2018,1,JP3381000003,NIPPON STEEL,JP,3561.2727326184013,0.004407786112217554,15.697328492654448
2018,2,JP3585800000,TOKYO ELECTRIC POWER CO. HDG.,JP,12959.542439869934,0.0011878058954146325,15.393420911953639
2018,3,JP3526600006,CHUBU ELEC.POWER,JP,5887.707635646938,0.0017484779637571503,10.294527057973383
2018,4,JP3386030005,JFE HOLDINGS,JP,3702.9817434231604,0.002706126343325124,10.02073644472941
2018,5,JP3551200003,ELEC.POWER DEV.,JP,10764.950324799387,0.0009171328446201309,9.872889513577663
2018,6,HK0002007356,CLP HOLDINGS,HK,1481.842824308344,0.004710855893641838,6.980748002343829
2018,7,JP3228600007,KANSAI ELECTRIC PWR.,JP,2752.1966242942117,0.0021762411168065134,5.989443455325151
2018,8,JP3605400005,TOHOKU ELECTRIC PWR.,JP,5045.377634210122,0.0011866085177993787,5.986888076268208
2018,9,JP3246400000,KYUSHU ELEC.POWER,JP,5049.828803152318,0.000954233297985444,4.818714793093924
2018,10,SG1R50925390,SEMBCORP INDUSTRIES,SG,4892.195014083984,0.0008832174887222224,4.320872194678633
2019,1,JP3585800000,TOKYO ELECTRIC POWER CO. HDG.,JP,8377.133189888802,0.0019340247534830105,16.201582952469035
2019,2,JP3381000003,NIPPON STEEL,JP,4726.735340710582,0.0034164326653653475,16.14857301854044
2019,3,JP3551200003,ELEC.POWER DEV.,JP,11790.809763725189,0.000909108454530736,10.719124841966119
2019,4,JP3526600006,CHUBU ELEC.POWER,JP,4613.984694294057,0.0022861099843080866,10.548076477070337
2019,5,JP3386030005,JFE HOLDINGS,JP,4993.207137899397,0.0020795439709847523,10.383593799496722
2019,6,HK0002007356,CLP HOLDINGS,HK,1313.2696723470287,0.005781849084534027,7.593127052805969
2019,7,JP3605400005,TOHOKU ELECTRIC PWR.,JP,4804.802995546143,0.0013181386638179856,6.3333966004578475
2019,8,JP3228600007,KANSAI ELECTRIC PWR.,JP,2090.750706231177,0.002721287790218543,5.689534369257698
2019,9,SG1R50925390,SEMBCORP INDUSTRIES,SG,7565.961033601714,0.0006783663376325508,5.132493277034984
2019,10,JP3449020001,TAIHEIYO CEMENT,JP,5204.813823460808,0.000859680165576191,4.474475209546035
2020,1,JP3381000003,NIPPON STEEL,JP,5949.718516233515,0.0024149789055938026,14.368444710924798
2020,2,JP3551200003,ELEC.POWER DEV.,JP,12775.94777504941,0.000762170464140112,9.73745004553924
2020,3,JP3386030005,JFE HOLDINGS,JP,7238.503914812797,0.0013343830522371488,9.65893694747845
2020,4,HK2380027329,CHIN.PWR.INTDVT.,HK,24961.99113303635,0.000343474719269936,8.573812896838293
2020,5,HK0002007356,CLP HOLDINGS,HK,1727.0122248190476,0.004768732201788201,8.235658809376476
2020,6,JP3605400005,TOHOKU ELECTRIC PWR.,JP,6385.056463930691,0.0008750449108615052,5.587211164325909
2020,7,JP3228600007,KANSAI ELECTRIC PWR.,JP,2456.4889143466444,0.001979532482546657,4.862699598964956
2020,8,SG1R50925390,SEMBCORP INDUSTRIES,SG,9680.583260339916,0.000496118788988121,4.8027192438185144
2020,9,JP3449020001,TAIHEIYO CEMENT,JP,7246.103770002869,0.0006299544070057435,4.56471500353424
2020,10,JP3522200009,CHUGOKU ELEC.POWER,JP,3664.529462083463,0.0009519840951890756,3.4885737642552352
2021,1,HK0836012952,CHINA RESOURCES POWER,HK,29963.1718061674,0.0008017269381904132,24.022281990631903
2021,2,JP3381000003,NIPPON STEEL,JP,5560.078687831991,0.0017833970336191191,9.915827838568458
2021,3,HK2380027329,CHIN.PWR.INTDVT.,HK,23708.13536570288,0.00035548800046618985,8.427957635935478
2021,4,JP3551200003,ELEC.POWER DEV.,JP,18476.49918962723,0.0004551988150872989,8.410480538079753
2021,5,HK0002007356,CLP HOLDINGS,HK,2027.946454389277,0.0036913815700951604,7.485924166872403
2021,6,JP3386030005,JFE HOLDINGS,JP,8372.846821821868,0.0008736367037615164,7.314826298516545
2021,7,JP3605400005,TOHOKU ELECTRIC PWR.,JP,7255.409520569808,0.0006737127688507308,4.888062037249039
2021,8,JP3228600007,KANSAI ELECTRIC PWR.,JP,3133.1111688636383,0.001431472263989331,4.484961738223491
2021,9,SG1R50925390,SEMBCORP INDUSTRIES,SG,11655.244934368106,0.00034930493162716483,4.07123453489731
2021,10,JP3449020001,TAIHEIYO CEMENT,JP,7484.364098475033,0.0005039632772739329,3.771844659378842
2022,1,HK0836012952,CHINA RESOURCES POWER,HK,13064.476490832072,0.001812397560950945,23.67802532708501
2022,2,JP3381000003,NIPPON STEEL,JP,4513.180187347197,0.0024521726382328384,11.067096966827352
2022,3,HK2380027329,CHIN.PWR.INTDVT.,HK,11534.680805344045,0.0008305638147301017,9.580288491380632
2022,4,JP3386030005,JFE HOLDINGS,JP,6446.059892466307,0.0012495401345041124,8.054610545053913
2022,5,JP3551200003,ELEC.POWER DEV.,JP,17311.15676073779,0.0004298725472570209,7.441591052703952
2022,6,HK0002007356,CLP HOLDINGS,HK,1747.9278970337773,0.003919185705505325,6.850454028308763
2022,7,JP3605400005,TOHOKU ELECTRIC PWR.,JP,10197.676116958628,0.0004993998213260797,5.09271763075037
2022,8,SG1R50925390,SEMBCORP INDUSTRIES,SG,8343.24848957834,0.00046930754801806514,3.915549491149436
2022,9,JP3228600007,KANSAI ELECTRIC PWR.,JP,2702.201912037195,0.0013652332081654098,3.6891357854812443
2022,10,JP3449020001,TAIHEIYO CEMENT,JP,9722.279248133884,0.00037798316313874,3.6748578631277766
2023,1,HK0836012952,CHINA RESOURCES POWER,HK,13772.611402035373,0.001703948872132739,23.467825664820673
2023,2,JP3381000003,NIPPON STEEL,JP,3165.6263199887358,0.003371966831481112,10.67438695186563
2023,3,JP3386030005,JFE HOLDINGS,JP,6008.922636960515,0.001372880074672592,8.249530158532181
2023,4,JP3551200003,ELEC.POWER DEV.,JP,15780.26998425522,0.0005218147705012445,8.234377960281815
2023,5,HK2380027329,CHIN.PWR.INTDVT.,HK,9020.750859929061,0.0009108710306655391,8.216740633160631
2023,6,HK0002007356,CLP HOLDINGS,HK,2030.187623319149,0.003164750418941867,6.42503713142987
2023,7,JP3605400005,TOHOKU ELECTRIC PWR.,JP,11821.893466357697,0.0004424593411089151,5.230707193784415
2023,8,JP3246400000,KYUSHU ELEC.POWER,JP,8811.211699682366,0.0004526500362210774,3.9883952950128037
2023,9,JP3228600007,KANSAI ELECTRIC PWR.,JP,2562.916440561867,0.0015140211177971606,3.8803096141601983
2023,10,JP3449020001,TAIHEIYO CEMENT,JP,9643.528286561539,0.00035029693703986025,3.3780984210397587
2024,1,HK0836012952,CHINA RESOURCES POWER,HK,15216.282739165596,0.0015546509899230167,23.656009023392304
2024,2,JP3381000003,NIPPON STEEL,JP,2813.650379548339,0.003676799669056099,10.3452287843629
2024,3,HK2380027329,CHIN.PWR.INTDVT.,HK,10872.569664706922,0.0007412836357290138,8.059657970770932
2024,4,JP3386030005,JFE HOLDINGS,JP,4723.204285560547,0.0016216832892721172,7.659541461711988
2024,5,JP3551200003,ELEC.POWER DEV.,JP,13776.088137171231,0.0005206953053797775,7.173144419523105
2024,6,HK0002007356,CLP HOLDINGS,HK,1831.9038658442714,0.003356861914950003,6.149448319102314
2024,7,JP3605400005,TOHOKU ELECTRIC PWR.,JP,10179.805027786406,0.0005359045045860292,5.455403370198243
2024,8,JP3898400001,MITSUBISHI,JP,286.3101184559599,0.011591326296466269,3.3187140050029407
2024,9,JP3228600007,KANSAI ELECTRIC PWR.,JP,1606.3809154383243,0.0019996251026120006,3.212159602867319
2024,10,JP3449020001,TAIHEIYO CEMENT,JP,7614.556875816261,0.00040336050262104983,3.071411488665818
