year,portfolio,kind,ISIN,weight_vw,weight_p
2013,mv,excluded_vs_vw,AU000000BHP4,0.04195926243362905,0.0
2013,mv,excluded_vs_vw,AU000000CBA7,0.036064344799367126,0.0
2013,mv,excluded_vs_vw,AU000000WBC1,0.03026188728943217,0.0
2013,mv,excluded_vs_vw,AU000000ANZ3,0.025275901375399177,0.0
2013,mv,excluded_vs_vw,JP3854600008,0.022776291109233873,0.0
2013,mv,excluded_vs_vw,AU000000NAB4,0.022595356153649285,0.0
2013,mv,excluded_vs_vw,JP3726800000,0.021183853468850437,0.0
2013,mv,excluded_vs_vw,AU000000TLS2,0.01993455850628539,0.0
2013,mv,excluded_vs_vw,JP3890350006,0.018488013069959106,0.0
2013,mv,excluded_vs_vw,JP3242800005,0.015839923306397368,0.0
2013,mv,overweight_vs_vw,HK0006000050,0.00610653238960975,0.17345185225458734
2013,mv,overweight_vs_vw,JP3982100004,0.002425403645422771,0.13819618594967234
2013,mv,overweight_vs_vw,HK0002007356,0.007115381336991154,0.13150228136396847
2013,mv,overweight_vs_vw,JP3414750004,0.000702624063382419,0.08646436175744272
2013,mv,overweight_vs_vw,JP3977400005,0.001274187308469482,0.055784681739185535
2013,mv,overweight_vs_vw,JP3260800002,0.0023198314762342465,0.04746057435704288
2013,mv,overweight_vs_vw,JP3500610005,0.003715495685418364,0.04067591685948506
2013,mv,overweight_vs_vw,JP3429800000,0.002264176510677349,0.036763426215434734
2013,mv,overweight_vs_vw,JP3371200001,0.008594130459042355,0.040791176921834246
2013,mv,overweight_vs_vw,JP3734800000,0.002708939192570613,0.0338085503674915
2013,mv_50,excluded_vs_vw,AU000000BHP4,0.04195926243362905,0.0
2013,mv_50,excluded_vs_vw,AU000000CBA7,0.036064344799367126,0.0
2013,mv_50,excluded_vs_vw,AU000000WBC1,0.03026188728943217,0.0
2013,mv_50,excluded_vs_vw,AU000000ANZ3,0.025275901375399177,0.0
2013,mv_50,excluded_vs_vw,JP3854600008,0.022776291109233873,0.0
2013,mv_50,excluded_vs_vw,AU000000NAB4,0.022595356153649285,0.0
2013,mv_50,excluded_vs_vw,JP3726800000,0.021183853468850437,0.0
2013,mv_50,excluded_vs_vw,AU000000TLS2,0.01993455850628539,0.0
2013,mv_50,excluded_vs_vw,JP3890350006,0.018488013069959106,0.0
2013,mv_50,excluded_vs_vw,JP3242800005,0.015839923306397368,0.0
2013,mv_50,overweight_vs_vw,HK0006000050,0.00610653238960975,0.18643002828766683
2013,mv_50,overweight_vs_vw,JP3982100004,0.002425403645422771,0.15172335688075014
2013,mv_50,overweight_vs_vw,JP3414750004,0.000702624063382419,0.09263585391019791
2013,mv_50,overweight_vs_vw,HK0002007356,0.007115381336991154,0.08742945799210268
2013,mv_50,overweight_vs_vw,JP3977400005,0.001274187308469482,0.06310033781581807
2013,mv_50,overweight_vs_vw,JP3260800002,0.0023198314762342465,0.054291044937751075
2013,mv_50,overweight_vs_vw,JP3500610005,0.003715495685418364,0.04448628258770493
2013,mv_50,overweight_vs_vw,JP3734800000,0.002708939192570613,0.03282979239525857
2013,mv_50,overweight_vs_vw,JP3738600000,0.0008916124249949127,0.03039524519039364
2013,mv_50,overweight_vs_vw,JP3246400000,0.0014892838119601845,0.030343004249836207
2013,vw_50,excluded_vs_vw,JP3890310000,0.0043563129218725065,0.0
2013,vw_50,excluded_vs_vw,JP3657400002,0.0036954201442710543,0.0
2013,vw_50,excluded_vs_vw,AU000000TCL6,0.0031432135636928578,0.0
2013,vw_50,excluded_vs_vw,JP3119600009,0.0029145710391210744,0.0
2013,vw_50,excluded_vs_vw,SG1R89002252,0.002842375285288844,0.0
2013,vw_50,excluded_vs_vw,JP3982100004,0.002425403645422771,0.0
2013,vw_50,excluded_vs_vw,JP3429800000,0.002264176510677349,0.0
2013,vw_50,excluded_vs_vw,AU000000ASX7,0.0021692119129003234,0.0
2013,vw_50,excluded_vs_vw,JP3493800001,0.001841702317371394,0.0
2013,vw_50,excluded_vs_vw,AU0000088338,0.0018065038644522252,0.0
2013,vw_50,overweight_vs_vw,AU000000BWP3,0.00044125443138583865,0.052317387066434344
2013,vw_50,overweight_vs_vw,AU000000CSL8,0.009392338612973176,0.02436936293320173
2013,vw_50,overweight_vs_vw,JP3566800003,0.0059024973105234815,0.019927222172463985
2013,vw_50,overweight_vs_vw,JP3762600009,0.00700101038277173,0.021014716965592782
2013,vw_50,overweight_vs_vw,JP3830000000,0.0009689595759367249,0.014381745786592412
2013,vw_50,overweight_vs_vw,JP3205800000,0.00491289901819274,0.01517353130013226
2013,vw_50,overweight_vs_vw,AU000000DOW2,0.0006830090008191815,0.009863731769446054
2013,vw_50,overweight_vs_vw,JP3667600005,0.0024019258632262393,0.011388856386164247
2013,vw_50,overweight_vs_vw,JP3414750004,0.000702624063382419,0.009521362592436886
2013,vw_50,overweight_vs_vw,JP3551500006,0.011068536976519747,0.01961281679939683
2013,vw_nz,excluded_vs_vw,JP3200450009,0.0039091849039430745,0.0
2013,vw_nz,excluded_vs_vw,JP3571400005,0.002529369108760397,0.0
2013,vw_nz,excluded_vs_vw,JP3733000008,0.002254834427173155,0.0
2013,vw_nz,excluded_vs_vw,JP3197600004,0.0020487686044031728,0.0
2013,vw_nz,excluded_vs_vw,AU0000088338,0.0018065038644522252,0.0
2013,vw_nz,excluded_vs_vw,AU000000DXS1,0.0017672141090055108,0.0
2013,vw_nz,excluded_vs_vw,AU000000APA1,0.0016532671926189006,0.0
2013,vw_nz,excluded_vs_vw,JP3419400001,0.0016362692385550647,0.0
2013,vw_nz,excluded_vs_vw,JP3443600006,0.0011053838102580702,0.0
2013,vw_nz,excluded_vs_vw,NZAIAE0002S6,0.0010490695983829687,0.0
2013,vw_nz,overweight_vs_vw,AU000000BWP3,0.00044125443138583865,0.06055304343784741
2013,vw_nz,overweight_vs_vw,JP3830000000,0.0009689595759367249,0.009993733746992714
2013,vw_nz,overweight_vs_vw,JP3205800000,0.00491289901819274,0.011738103502834264
2013,vw_nz,overweight_vs_vw,JP3667600005,0.0024019258632262393,0.00906829989316279
2013,vw_nz,overweight_vs_vw,JP3258000003,0.0040456753941757965,0.010358785457126521
2013,vw_nz,overweight_vs_vw,JP3902400005,0.005752954405749439,0.01203750254403831
2013,vw_nz,overweight_vs_vw,JP3629000005,0.0014260822980974172,0.007647278772178217
2013,vw_nz,overweight_vs_vw,JP3551500006,0.011068536976519747,0.016920599592582217
2013,vw_nz,overweight_vs_vw,JP3566800003,0.0059024973105234815,0.011696268566486681
2013,vw_nz,overweight_vs_vw,JP3762600009,0.00700101038277173,0.012774601366915576
2014,mv,excluded_vs_vw,JP3633400001,0.060320388221274536,0.0
2014,mv,excluded_vs_vw,AU000000CBA7,0.032098871998100374,0.0
2014,mv,excluded_vs_vw,AU000000BHP4,0.0313244027375523,0.0
2014,mv,excluded_vs_vw,JP3902900004,0.02579419151305126,0.0
2014,mv,excluded_vs_vw,AU000000WBC1,0.025788130932693,0.0
2014,mv,excluded_vs_vw,AU000000ANZ3,0.021909058752803162,0.0
2014,mv,excluded_vs_vw,AU000000NAB4,0.02088876688473131,0.0
2014,mv,excluded_vs_vw,JP3854600008,0.02068448735309685,0.0
2014,mv,excluded_vs_vw,JP3890350006,0.019689412967508157,0.0
2014,mv,excluded_vs_vw,JP3726800000,0.018811455120251088,0.0
2014,mv,overweight_vs_vw,HK0002007356,0.005792605494107177,0.1903203240821359
2014,mv,overweight_vs_vw,JP3982100004,0.002244887570857298,0.14018483655407174
2014,mv,overweight_vs_vw,HK0006000050,0.004868347243220926,0.12377895046330019
2014,mv,overweight_vs_vw,JP3371200001,0.00743496505138236,0.06368440482283262
2014,mv,overweight_vs_vw,JP3260800002,0.0020021058861097686,0.05671106048204609
2014,mv,overweight_vs_vw,JP3414750004,0.0018314648538773114,0.050933779642630565
2014,mv,overweight_vs_vw,JP3500610005,0.003821142752896535,0.04942833971574006
2014,mv,overweight_vs_vw,JP3429800000,0.0022471659845258165,0.03666651211605077
2014,mv,overweight_vs_vw,JP3734800000,0.004955419099977022,0.03889237759262767
2014,mv,overweight_vs_vw,JP3596200000,0.001663044515500437,0.02960593128570449
2014,mv_50,excluded_vs_vw,JP3633400001,0.060320388221274536,0.0
2014,mv_50,excluded_vs_vw,AU000000CBA7,0.032098871998100374,0.0
2014,mv_50,excluded_vs_vw,AU000000BHP4,0.0313244027375523,0.0
2014,mv_50,excluded_vs_vw,JP3902900004,0.02579419151305126,0.0
2014,mv_50,excluded_vs_vw,AU000000WBC1,0.025788130932693,0.0
2014,mv_50,excluded_vs_vw,AU000000ANZ3,0.021909058752803162,0.0
2014,mv_50,excluded_vs_vw,AU000000NAB4,0.02088876688473131,0.0
2014,mv_50,excluded_vs_vw,JP3854600008,0.02068448735309685,0.0
2014,mv_50,excluded_vs_vw,JP3890350006,0.019689412967508157,0.0
2014,mv_50,excluded_vs_vw,JP3726800000,0.018811455120251088,0.0
2014,mv_50,overweight_vs_vw,JP3982100004,0.002244887570857298,0.15457011803851856
2014,mv_50,overweight_vs_vw,HK0006000050,0.004868347243220926,0.1462154030462256
2014,mv_50,overweight_vs_vw,HK0002007356,0.005792605494107177,0.11162784473580556
2014,mv_50,overweight_vs_vw,JP3260800002,0.0020021058861097686,0.06929950327556618
2014,mv_50,overweight_vs_vw,JP3414750004,0.0018314648538773114,0.05420556495919484
2014,mv_50,overweight_vs_vw,JP3500610005,0.003821142752896535,0.05267238953389642
2014,mv_50,overweight_vs_vw,JP3371200001,0.00743496505138236,0.056163196533056896
2014,mv_50,overweight_vs_vw,JP3977400005,0.001236057642480538,0.03868012196568284
2014,mv_50,overweight_vs_vw,JP3734800000,0.004955419099977022,0.030115195379274887
2014,mv_50,overweight_vs_vw,JP3357200009,0.0008074455010437626,0.024164276981973192
2014,vw_50,excluded_vs_vw,JP3734800000,0.004955419099977022,0.0
2014,vw_50,excluded_vs_vw,JP3201200007,0.0030256786698642877,0.0
2014,vw_50,excluded_vs_vw,JP3228600007,0.0028840099458407095,0.0
2014,vw_50,excluded_vs_vw,SG1V61937297,0.002716121237319823,0.0
2014,vw_50,excluded_vs_vw,JP3733000008,0.0023288091409810565,0.0
2014,vw_50,excluded_vs_vw,JP3762800005,0.0022985487695782415,0.0
2014,vw_50,excluded_vs_vw,JP3429800000,0.0022471659845258165,0.0
2014,vw_50,excluded_vs_vw,JP3982100004,0.002244887570857298,0.0
2014,vw_50,excluded_vs_vw,JP3657400002,0.0020879352479452992,0.0
2014,vw_50,excluded_vs_vw,JP3786200000,0.0020164325512574115,0.0
2014,vw_50,overweight_vs_vw,AU000000BWP3,0.00037265430173796544,0.04471160057787893
2014,vw_50,overweight_vs_vw,JP3551500006,0.013832316215042346,0.03468515041498129
2014,vw_50,overweight_vs_vw,JP3420600003,0.0028954840370753678,0.01975866036309953
2014,vw_50,overweight_vs_vw,JP3902400005,0.007659659169486746,0.02424943737639041
2014,vw_50,overweight_vs_vw,JP3385980002,0.0013187093767197088,0.014945451899570129
2014,vw_50,overweight_vs_vw,JP3566800003,0.00697157520370932,0.018115315340878048
2014,vw_50,overweight_vs_vw,JP3351600006,0.002041358396791002,0.012201633160046611
2014,vw_50,overweight_vs_vw,JP3246400000,0.0016132961125195624,0.011404435952540773
2014,vw_50,overweight_vs_vw,JP3414750004,0.0018314648538773114,0.009861334509526648
2014,vw_50,overweight_vs_vw,JP3788600009,0.011412680391579473,0.018687681240803295
2014,vw_nz,excluded_vs_vw,HK0002007356,0.005792605494107177,0.0
2014,vw_nz,excluded_vs_vw,JP3634600005,0.0045262722907993685,0.0
2014,vw_nz,excluded_vs_vw,JP3116000005,0.004062429798277516,0.0
2014,vw_nz,excluded_vs_vw,JP3180400008,0.002556528992437234,0.0
2014,vw_nz,excluded_vs_vw,JP3495000006,0.0021010741001004215,0.0
2014,vw_nz,excluded_vs_vw,JP3419050004,0.001912205758519818,0.0
2014,vw_nz,excluded_vs_vw,SG1R89002252,0.0018872282689430748,0.0
2014,vw_nz,excluded_vs_vw,AU0000088338,0.001394012467406685,0.0
2014,vw_nz,excluded_vs_vw,JP3449020001,0.0013814933437693996,0.0
2014,vw_nz,excluded_vs_vw,JP3528600004,0.001227004745504292,0.0
2014,vw_nz,overweight_vs_vw,AU000000BWP3,0.00037265430173796544,0.05653723750855123
2014,vw_nz,overweight_vs_vw,JP3566800003,0.00697157520370932,0.015251379631190528
2014,vw_nz,overweight_vs_vw,JP3420600003,0.0028954840370753678,0.010925501262602845
2014,vw_nz,overweight_vs_vw,JP3667600005,0.0029705258696616876,0.01077875879246477
2014,vw_nz,overweight_vs_vw,JP3830000000,0.0011032899211886383,0.008790110453600468
2014,vw_nz,overweight_vs_vw,JP3551500006,0.013832316215042346,0.02141017202772627
2014,vw_nz,overweight_vs_vw,JP3902400005,0.007659659169486746,0.015150026895840255
2014,vw_nz,overweight_vs_vw,JP3890350006,0.019689412967508157,0.0265847850569452
2014,vw_nz,overweight_vs_vw,JP3955000009,0.0012790194106141195,0.007995390469710973
2014,vw_nz,overweight_vs_vw,JP3496400007,0.015032472133876816,0.021519793636730847
2015,mv,excluded_vs_vw,JP3633400001,0.06154282646831254,0.0
2015,mv,excluded_vs_vw,AU000000CBA7,0.03133768681885716,0.0
2015,mv,excluded_vs_vw,AU000000WBC1,0.023436077379619922,0.0
2015,mv,excluded_vs_vw,AU000000BHP4,0.02048934285690621,0.0
2015,mv,excluded_vs_vw,AU000000ANZ3,0.0198933411252289,0.0
2015,mv,excluded_vs_vw,AU000000NAB4,0.018589249689601958,0.0
2015,mv,excluded_vs_vw,AU000000TLS2,0.017206316854307537,0.0
2015,mv,excluded_vs_vw,JP3496400007,0.01698101909289585,0.0
2015,mv,excluded_vs_vw,JP3854600008,0.015752213421166172,0.0
2015,mv,excluded_vs_vw,JP3726800000,0.015090807285464617,0.0
2015,mv,overweight_vs_vw,HK0002007356,0.0061973849456558976,0.2313005509792371
2015,mv,overweight_vs_vw,JP3982100004,0.001820102387701756,0.14632400166255136
2015,mv,overweight_vs_vw,JP3260800002,0.0018688614549691894,0.07177340482149124
2015,mv,overweight_vs_vw,HK0006000050,0.0062027404497656,0.06784223792886855
2015,mv,overweight_vs_vw,JP3977400005,0.0009671880556326901,0.04891955543262892
2015,mv,overweight_vs_vw,JP3414750004,0.002038448743367344,0.045368855053462664
2015,mv,overweight_vs_vw,JP3371200001,0.007969229913927567,0.04921027354069358
2015,mv,overweight_vs_vw,JP3814800003,0.007848443037398825,0.040963431290027136
2015,mv,overweight_vs_vw,JP3573000001,0.004146166232890588,0.034323684454958016
2015,mv,overweight_vs_vw,JP3429800000,0.002650800886974015,0.03154883661767972
2015,mv_50,excluded_vs_vw,JP3633400001,0.06154282646831254,0.0
2015,mv_50,excluded_vs_vw,AU000000CBA7,0.03133768681885716,0.0
2015,mv_50,excluded_vs_vw,AU000000WBC1,0.023436077379619922,0.0
2015,mv_50,excluded_vs_vw,AU000000BHP4,0.02048934285690621,0.0
2015,mv_50,excluded_vs_vw,AU000000ANZ3,0.0198933411252289,0.0
2015,mv_50,excluded_vs_vw,AU000000NAB4,0.018589249689601958,0.0
2015,mv_50,excluded_vs_vw,AU000000TLS2,0.017206316854307537,0.0
2015,mv_50,excluded_vs_vw,JP3496400007,0.01698101909289585,0.0
2015,mv_50,excluded_vs_vw,JP3854600008,0.015752213421166172,0.0
2015,mv_50,excluded_vs_vw,JP3726800000,0.015090807285464617,0.0
2015,mv_50,overweight_vs_vw,JP3982100004,0.001820102387701756,0.15647718400345142
2015,mv_50,overweight_vs_vw,HK0002007356,0.0061973849456558976,0.11478291918984641
2015,mv_50,overweight_vs_vw,HK0006000050,0.0062027404497656,0.11032232062764288
2015,mv_50,overweight_vs_vw,JP3260800002,0.0018688614549691894,0.08687662250631263
2015,mv_50,overweight_vs_vw,JP3977400005,0.0009671880556326901,0.061436608509817955
2015,mv_50,overweight_vs_vw,JP3357200009,0.000842782148277371,0.05290144615182201
2015,mv_50,overweight_vs_vw,JP3414750004,0.002038448743367344,0.04876383335157685
2015,mv_50,overweight_vs_vw,HK0823032773,0.004293683772752262,0.04067158700530471
2015,mv_50,overweight_vs_vw,JP3371200001,0.007969229913927567,0.042329995333583656
2015,mv_50,overweight_vs_vw,JP3814800003,0.007848443037398825,0.04104423047197769
2015,vw_50,excluded_vs_vw,HK0003000038,0.006659556957033436,0.0
2015,vw_50,excluded_vs_vw,JP3165700000,0.0029010983510491047,0.0
2015,vw_50,excluded_vs_vw,JP3982800009,0.002012506383778815,0.0
2015,vw_50,excluded_vs_vw,JP3493800001,0.001745334809482627,0.0
2015,vw_50,excluded_vs_vw,AU000000STO6,0.0016937146957582353,0.0
2015,vw_50,excluded_vs_vw,JP3522200009,0.0014199417666793737,0.0
2015,vw_50,excluded_vs_vw,AU000000BEN6,0.0013149650659474653,0.0
2015,vw_50,excluded_vs_vw,JP3174410005,0.001123365911455601,0.0
2015,vw_50,excluded_vs_vw,JP3977400005,0.0009671880556326901,0.0
2015,vw_50,excluded_vs_vw,JP3870400003,0.0008913592992960957,0.0
2015,vw_50,overweight_vs_vw,AU000000BWP3,0.0003998464020473406,0.02950825042794116
2015,vw_50,overweight_vs_vw,AU000000WBC1,0.023436077379619922,0.03815095934891097
2015,vw_50,overweight_vs_vw,JP3385980002,0.0011629464770836588,0.014659275945476115
2015,vw_50,overweight_vs_vw,JP3551500006,0.010912020161612466,0.023257009325210434
2015,vw_50,overweight_vs_vw,JP3951600000,0.004836943573838144,0.014112834857228107
2015,vw_50,overweight_vs_vw,BMG988031446,0.0017058589835129167,0.010409097293498018
2015,vw_50,overweight_vs_vw,HK0066009694,0.007046095909857082,0.015592755454727138
2015,vw_50,overweight_vs_vw,JP3243600008,0.0007759527336382425,0.009049995091752755
2015,vw_50,overweight_vs_vw,JP3496400007,0.01698101909289585,0.02481567386236605
2015,vw_50,overweight_vs_vw,JP3902400005,0.0069853193449477035,0.014532979529492706
2015,vw_nz,excluded_vs_vw,JP3634600005,0.0047640116959468915,0.0
2015,vw_nz,excluded_vs_vw,JP3571400005,0.003451530062424974,0.0
2015,vw_nz,excluded_vs_vw,JP3475350009,0.0029157067770817446,0.0
2015,vw_nz,excluded_vs_vw,JP3792600003,0.0022487577084081816,0.0
2015,vw_nz,excluded_vs_vw,AU000000MGR9,0.0015578370395070962,0.0
2015,vw_nz,excluded_vs_vw,AU000000DXS1,0.0015183998018325664,0.0
2015,vw_nz,excluded_vs_vw,AU000000BEN6,0.0013149650659474653,0.0
2015,vw_nz,excluded_vs_vw,NZTELE0001S4,0.001233811124875954,0.0
2015,vw_nz,excluded_vs_vw,JP3174410005,0.001123365911455601,0.0
2015,vw_nz,excluded_vs_vw,AU000000COH5,0.0010243235392611027,0.0
2015,vw_nz,overweight_vs_vw,AU000000BWP3,0.0003998464020473406,0.04608441075531585
2015,vw_nz,overweight_vs_vw,JP3496400007,0.01698101909289585,0.030625227260679913
2015,vw_nz,overweight_vs_vw,JP3898400001,0.007881119054496361,0.01791435405295805
2015,vw_nz,overweight_vs_vw,JP3385980002,0.0011629464770836588,0.010971949447128612
2015,vw_nz,overweight_vs_vw,JP3951600000,0.004836943573838144,0.014380269210785791
2015,vw_nz,overweight_vs_vw,JP3902400005,0.0069853193449477035,0.016019383209228754
2015,vw_nz,overweight_vs_vw,HK0823032773,0.004293683772752262,0.012793925266790641
2015,vw_nz,overweight_vs_vw,JP3573000001,0.004146166232890588,0.012129860490344905
2015,vw_nz,overweight_vs_vw,JP3566800003,0.009769175430011079,0.016985083520657196
2015,vw_nz,overweight_vs_vw,JP3890350006,0.013120968530928307,0.02030124108642239
2016,mv,excluded_vs_vw,JP3633400001,0.056036255340332596,0.0
2016,mv,excluded_vs_vw,AU000000CBA7,0.025953902298614273,0.0
2016,mv,excluded_vs_vw,JP3726800000,0.02190823389014751,0.0
2016,mv,excluded_vs_vw,JP3496400007,0.019821984177720145,0.0
2016,mv,excluded_vs_vw,AU000000WBC1,0.019690822089969733,0.0
2016,mv,excluded_vs_vw,JP3902900004,0.018835884633791083,0.0
2016,mv,excluded_vs_vw,AU000000NAB4,0.014343013068691365,0.0
2016,mv,excluded_vs_vw,JP3854600008,0.014109641013497895,0.0
2016,mv,excluded_vs_vw,AU000000ANZ3,0.01386864881551804,0.0
2016,mv,excluded_vs_vw,AU000000TLS2,0.013361626017852901,0.0
2016,mv,overweight_vs_vw,HK0002007356,0.005916613847127785,0.25489150134693395
2016,mv,overweight_vs_vw,JP3735400008,0.02559011994342443,0.1192129390118787
2016,mv,overweight_vs_vw,JP3711200000,0.0010412813178609368,0.08850893406177017
2016,mv,overweight_vs_vw,JP3982100004,0.002300672293938044,0.08175867650582577
2016,mv,overweight_vs_vw,HK0006000050,0.005369229444417462,0.05397261907857198
2016,mv,overweight_vs_vw,JP3429800000,0.0027212422638137985,0.03873403331769429
2016,mv,overweight_vs_vw,JP3260800002,0.002243660801281258,0.035957601285139626
2016,mv,overweight_vs_vw,JP3738600000,0.0014925667925553686,0.03422761038877518
2016,mv,overweight_vs_vw,JP3357200009,0.0013283039322225306,0.027505641681832924
2016,mv,overweight_vs_vw,JP3414750004,0.0017791637623797468,0.027428752559885593
2016,mv_50,excluded_vs_vw,JP3633400001,0.056036255340332596,0.0
2016,mv_50,excluded_vs_vw,AU000000CBA7,0.025953902298614273,0.0
2016,mv_50,excluded_vs_vw,JP3726800000,0.02190823389014751,0.0
2016,mv_50,excluded_vs_vw,JP3496400007,0.019821984177720145,0.0
2016,mv_50,excluded_vs_vw,AU000000WBC1,0.019690822089969733,0.0
2016,mv_50,excluded_vs_vw,JP3902900004,0.018835884633791083,0.0
2016,mv_50,excluded_vs_vw,AU000000NAB4,0.014343013068691365,0.0
2016,mv_50,excluded_vs_vw,JP3854600008,0.014109641013497895,0.0
2016,mv_50,excluded_vs_vw,AU000000ANZ3,0.01386864881551804,0.0
2016,mv_50,excluded_vs_vw,AU000000TLS2,0.013361626017852901,0.0
2016,mv_50,overweight_vs_vw,JP3735400008,0.02559011994342443,0.14344523982353743
2016,mv_50,overweight_vs_vw,HK0002007356,0.005916613847127785,0.11264248056637391
2016,mv_50,overweight_vs_vw,HK0006000050,0.005369229444417462,0.09714724345060988
2016,mv_50,overweight_vs_vw,JP3982100004,0.002300672293938044,0.09093472112380464
2016,mv_50,overweight_vs_vw,JP3711200000,0.0010412813178609368,0.08123647587409025
2016,mv_50,overweight_vs_vw,JP3260800002,0.002243660801281258,0.055812730799483394
2016,mv_50,overweight_vs_vw,JP3357200009,0.0013283039322225306,0.04433960452812022
2016,mv_50,overweight_vs_vw,HK0823032773,0.0035277446883680004,0.04081656595182161
2016,mv_50,overweight_vs_vw,JP3738600000,0.0014925667925553686,0.0373884276094237
2016,mv_50,overweight_vs_vw,JP3835620000,0.0007959138257095734,0.0320665063994064
2016,vw_50,excluded_vs_vw,JP3914400001,0.008063841285399624,0.0
2016,vw_50,excluded_vs_vw,JP3526600006,0.0029068205181142096,0.0
2016,vw_50,excluded_vs_vw,JP3429800000,0.0027212422638137985,0.0
2016,vw_50,excluded_vs_vw,JP3111200006,0.0024300654693260033,0.0
2016,vw_50,excluded_vs_vw,JP3180400008,0.0022189706541971906,0.0
2016,vw_50,excluded_vs_vw,JP3401400001,0.002210620835061293,0.0
2016,vw_50,excluded_vs_vw,JP3538800008,0.0020670763607737006,0.0
2016,vw_50,excluded_vs_vw,HK0023000190,0.00204282567785468,0.0
2016,vw_50,excluded_vs_vw,JP3551200003,0.0017523066976516725,0.0
2016,vw_50,excluded_vs_vw,HK0293001514,0.0016638417320499975,0.0
2016,vw_50,overweight_vs_vw,AU000000BWP3,0.00039296111739363674,0.04212539478095639
2016,vw_50,overweight_vs_vw,JP3898400001,0.006920007273325405,0.0246188201787674
2016,vw_50,overweight_vs_vw,HK0823032773,0.0035277446883680004,0.01792428273161203
2016,vw_50,overweight_vs_vw,JP3160400002,0.0052989538729678355,0.017968877752933918
2016,vw_50,overweight_vs_vw,JP3711200000,0.0010412813178609368,0.01280140061610647
2016,vw_50,overweight_vs_vw,JP3765400001,0.000580291700503104,0.010316062518710046
2016,vw_50,overweight_vs_vw,JP3769000005,0.00070835266376809,0.009659788961424911
2016,vw_50,overweight_vs_vw,JP3667600005,0.0010705347060550234,0.009881995431908368
2016,vw_50,overweight_vs_vw,JP3358800005,0.001757942341881429,0.00983202052999602
2016,vw_50,overweight_vs_vw,JP3243600008,0.0007656654243116064,0.008826355807396078
2016,vw_nz,excluded_vs_vw,JP3914400001,0.008063841285399624,0.0
2016,vw_nz,excluded_vs_vw,JP3526600006,0.0029068205181142096,0.0
2016,vw_nz,excluded_vs_vw,JP3429800000,0.0027212422638137985,0.0
2016,vw_nz,excluded_vs_vw,JP3111200006,0.0024300654693260033,0.0
2016,vw_nz,excluded_vs_vw,JP3401400001,0.002210620835061293,0.0
2016,vw_nz,excluded_vs_vw,JP3551200003,0.0017523066976516725,0.0
2016,vw_nz,excluded_vs_vw,HK0293001514,0.0016638417320499975,0.0
2016,vw_nz,excluded_vs_vw,AU000000LLC3,0.0014640541364130597,0.0
2016,vw_nz,excluded_vs_vw,JP3224200000,0.0013747765766948825,0.0
2016,vw_nz,excluded_vs_vw,JP3942600002,0.00129980785963362,0.0
2016,vw_nz,overweight_vs_vw,AU000000BWP3,0.00039296111739363674,0.040438948458697825
2016,vw_nz,overweight_vs_vw,JP3898400001,0.006920007273325405,0.028619986719150527
2016,vw_nz,overweight_vs_vw,JP3711200000,0.0010412813178609368,0.013001300662012376
2016,vw_nz,overweight_vs_vw,HK0823032773,0.0035277446883680004,0.015262890136285246
2016,vw_nz,overweight_vs_vw,JP3551500006,0.010407553428256633,0.02120499388242627
2016,vw_nz,overweight_vs_vw,JP3160400002,0.0052989538729678355,0.016009583945386117
2016,vw_nz,overweight_vs_vw,JP3765400001,0.000580291700503104,0.010957950704363159
2016,vw_nz,overweight_vs_vw,JP3667600005,0.0010705347060550234,0.01136351528004259
2016,vw_nz,overweight_vs_vw,JP3165600002,0.0005017602833868361,0.008923872739829964
2016,vw_nz,overweight_vs_vw,JP3845400005,0.0008484173557676675,0.00881404022780014
2017,mv,excluded_vs_vw,JP3633400001,0.04360365263139412,0.0
2017,mv,excluded_vs_vw,AU000000CBA7,0.025349876551335564,0.0
2017,mv,excluded_vs_vw,AU000000WBC1,0.01927372537909049,0.0
2017,mv,excluded_vs_vw,JP3496400007,0.01621550599524771,0.0
2017,mv,excluded_vs_vw,AU000000BHP4,0.015578208244999048,0.0
2017,mv,excluded_vs_vw,AU000000ANZ3,0.015478887628251404,0.0
2017,mv,excluded_vs_vw,JP3726800000,0.015025672623578892,0.0
2017,mv,excluded_vs_vw,AU000000NAB4,0.014561471579715915,0.0
2017,mv,excluded_vs_vw,JP3854600008,0.012863577120014966,0.0
2017,mv,excluded_vs_vw,JP3890350006,0.012783543988064703,0.0
2017,mv,overweight_vs_vw,HK0002007356,0.00576649066223468,0.25838372809578253
2017,mv,overweight_vs_vw,JP3711200000,0.000993168784101888,0.10438842926272403
2017,mv,overweight_vs_vw,JP3982100004,0.0017071842282720437,0.10129675287548393
2017,mv,overweight_vs_vw,JP3573000001,0.0023379048410640574,0.054254977789781916
2017,mv,overweight_vs_vw,JP3260800002,0.001695913140850777,0.04910969789447352
2017,mv,overweight_vs_vw,JP3814800003,0.0069855788609353535,0.04970743398761156
2017,mv,overweight_vs_vw,JP3735400008,0.021165380205449447,0.05731313351150521
2017,mv,overweight_vs_vw,JP3414750004,0.0019783375260540217,0.03283906129480181
2017,mv,overweight_vs_vw,JP3198900007,0.004649136644399844,0.032846119468549866
2017,mv,overweight_vs_vw,BMG988031446,0.001367902066867198,0.02763591608715011
2017,mv_50,excluded_vs_vw,JP3633400001,0.04360365263139412,0.0
2017,mv_50,excluded_vs_vw,AU000000CBA7,0.025349876551335564,0.0
2017,mv_50,excluded_vs_vw,AU000000WBC1,0.01927372537909049,0.0
2017,mv_50,excluded_vs_vw,JP3496400007,0.01621550599524771,0.0
2017,mv_50,excluded_vs_vw,AU000000BHP4,0.015578208244999048,0.0
2017,mv_50,excluded_vs_vw,AU000000ANZ3,0.015478887628251404,0.0
2017,mv_50,excluded_vs_vw,JP3726800000,0.015025672623578892,0.0
2017,mv_50,excluded_vs_vw,AU000000NAB4,0.014561471579715915,0.0
2017,mv_50,excluded_vs_vw,JP3854600008,0.012863577120014966,0.0
2017,mv_50,excluded_vs_vw,JP3890350006,0.012783543988064703,0.0
2017,mv_50,overweight_vs_vw,HK0002007356,0.00576649066223468,0.1533793192205778
2017,mv_50,overweight_vs_vw,JP3982100004,0.0017071842282720437,0.11292294281607536
2017,mv_50,overweight_vs_vw,JP3711200000,0.000993168784101888,0.10716871171956383
2017,mv_50,overweight_vs_vw,JP3260800002,0.001695913140850777,0.06227966255280651
2017,mv_50,overweight_vs_vw,JP3735400008,0.021165380205449447,0.07760844452960021
2017,mv_50,overweight_vs_vw,JP3814800003,0.0069855788609353535,0.057342789830909784
2017,mv_50,overweight_vs_vw,JP3573000001,0.0023379048410640574,0.04617412857186901
2017,mv_50,overweight_vs_vw,HK0823032773,0.003525081656680224,0.03853335628185797
2017,mv_50,overweight_vs_vw,JP3198900007,0.004649136644399844,0.03957480447154426
2017,mv_50,overweight_vs_vw,BMG988031446,0.001367902066867198,0.035581782065670045
2017,vw_50,excluded_vs_vw,IE00BKVD2N49,0.0031221309355263073,0.0
2017,vw_50,excluded_vs_vw,JP3388200002,0.0029237700773400103,0.0
2017,vw_50,excluded_vs_vw,JP3526600006,0.002346414231691805,0.0
2017,vw_50,excluded_vs_vw,JP3180400008,0.001850126570176205,0.0
2017,vw_50,excluded_vs_vw,JP3982100004,0.0017071842282720437,0.0
2017,vw_50,excluded_vs_vw,JP3657400002,0.0015029518438233827,0.0
2017,vw_50,excluded_vs_vw,JP3605400005,0.0014527015790702354,0.0
2017,vw_50,excluded_vs_vw,JP3585800000,0.0014327575487576459,0.0
2017,vw_50,excluded_vs_vw,JP3942600002,0.0013774091263027565,0.0
2017,vw_50,excluded_vs_vw,SG1J26887955,0.0013364556395034277,0.0
2017,vw_50,overweight_vs_vw,AU000000BWP3,0.00033647840831497837,0.04506528633594817
2017,vw_50,overweight_vs_vw,JP3711200000,0.000993168784101888,0.02238849924044717
2017,vw_50,overweight_vs_vw,JP3819400007,0.0007891209800649767,0.019922698019521644
2017,vw_50,overweight_vs_vw,JP3765400001,0.0005217200385016046,0.01531053052446763
2017,vw_50,overweight_vs_vw,JP3165600002,0.0005599328566555882,0.012455742658011502
2017,vw_50,overweight_vs_vw,JP3638600001,0.0006138677202610028,0.011275676985754112
2017,vw_50,overweight_vs_vw,JP3830000000,0.0012216326046297276,0.011414006147859925
2017,vw_50,overweight_vs_vw,JP3629000005,0.0015814592668005761,0.011723614783452034
2017,vw_50,overweight_vs_vw,JP3626800001,0.0017169366161029656,0.011697158007592542
2017,vw_50,overweight_vs_vw,HK0823032773,0.003525081656680224,0.012601913855153772
2017,vw_nz,excluded_vs_vw,JP3304200003,0.005604436070101257,0.0
2017,vw_nz,excluded_vs_vw,IE00BKVD2N49,0.0031221309355263073,0.0
2017,vw_nz,excluded_vs_vw,JP3201200007,0.002752470109392749,0.0
2017,vw_nz,excluded_vs_vw,JP3486800000,0.002543221343374134,0.0
2017,vw_nz,excluded_vs_vw,JP3526600006,0.002346414231691805,0.0
2017,vw_nz,excluded_vs_vw,JP3401400001,0.0020780086119378967,0.0
2017,vw_nz,excluded_vs_vw,JP3180400008,0.001850126570176205,0.0
2017,vw_nz,excluded_vs_vw,AU000000LLC3,0.0015132392812022876,0.0
2017,vw_nz,excluded_vs_vw,JP3657400002,0.0015029518438233827,0.0
2017,vw_nz,excluded_vs_vw,JP3585800000,0.0014327575487576459,0.0
2017,vw_nz,overweight_vs_vw,AU000000BWP3,0.00033647840831497837,0.05040678345902436
2017,vw_nz,overweight_vs_vw,JP3711200000,0.000993168784101888,0.02341816110527625
2017,vw_nz,overweight_vs_vw,JP3819400007,0.0007891209800649767,0.01807161548309111
2017,vw_nz,overweight_vs_vw,JP3765400001,0.0005217200385016046,0.013340841006381002
2017,vw_nz,overweight_vs_vw,JP3629000005,0.0015814592668005761,0.013531127049493438
2017,vw_nz,overweight_vs_vw,JP3898400001,0.008682732662528397,0.01897715540409385
2017,vw_nz,overweight_vs_vw,JP3165600002,0.0005599328566555882,0.010483193550513536
2017,vw_nz,overweight_vs_vw,JP3830000000,0.0012216326046297276,0.010761066132466324
2017,vw_nz,overweight_vs_vw,JP3638600001,0.0006138677202610028,0.010114229508027985
2017,vw_nz,overweight_vs_vw,JP3626800001,0.0017169366161029656,0.011031650856752917
2018,mv,excluded_vs_vw,JP3633400001,0.04114626638357326,0.0
2018,mv,excluded_vs_vw,AU000000CBA7,0.020523640062630515,0.0
2018,mv,excluded_vs_vw,JP3735400008,0.018230280447832006,0.0
2018,mv,excluded_vs_vw,JP3436100006,0.016299886874281785,0.0
2018,mv,excluded_vs_vw,AU000000WBC1,0.015640571698528973,0.0
2018,mv,excluded_vs_vw,AU000000BHP4,0.014341873303667511,0.0
2018,mv,excluded_vs_vw,AU000000ANZ3,0.012399522381401549,0.0
2018,mv,excluded_vs_vw,JP3496400007,0.01197436206444876,0.0
2018,mv,excluded_vs_vw,JP3726800000,0.011961782298405575,0.0
2018,mv,excluded_vs_vw,JP3890350006,0.011776119407752573,0.0
2018,mv,overweight_vs_vw,HK0002007356,0.004710855893641838,0.37683778608405555
2018,mv,overweight_vs_vw,JP3982100004,0.0012355896585087257,0.13185138704001184
2018,mv,overweight_vs_vw,JP3711200000,0.0008899691652448187,0.06087838131809487
2018,mv,overweight_vs_vw,JP3400900001,0.0003609983993744432,0.046534920427345805
2018,mv,overweight_vs_vw,JP3786200000,0.0010957355879929493,0.04225670223619844
2018,mv,overweight_vs_vw,BMG988031446,0.0013387868164526438,0.03815241761240867
2018,mv,overweight_vs_vw,MU0117U00026,0.0006840439439410069,0.036971086871634314
2018,mv,overweight_vs_vw,JP3657400002,0.0014278271744210937,0.03069082299622545
2018,mv,overweight_vs_vw,JP3814800003,0.004639781675714457,0.03220672652607866
2018,mv,overweight_vs_vw,JP3573000001,0.0020803249639041303,0.02917291795039392
2018,mv_50,excluded_vs_vw,JP3633400001,0.04114626638357326,0.0
2018,mv_50,excluded_vs_vw,AU000000CBA7,0.020523640062630515,0.0
2018,mv_50,excluded_vs_vw,JP3436100006,0.016299886874281785,0.0
2018,mv_50,excluded_vs_vw,AU000000WBC1,0.015640571698528973,0.0
2018,mv_50,excluded_vs_vw,AU000000BHP4,0.014341873303667511,0.0
2018,mv_50,excluded_vs_vw,AU000000ANZ3,0.012399522381401549,0.0
2018,mv_50,excluded_vs_vw,JP3496400007,0.01197436206444876,0.0
2018,mv_50,excluded_vs_vw,JP3726800000,0.011961782298405575,0.0
2018,mv_50,excluded_vs_vw,JP3890350006,0.011776119407752573,0.0
2018,mv_50,excluded_vs_vw,JP3854600008,0.011651666971867147,0.0
2018,mv_50,overweight_vs_vw,HK0002007356,0.004710855893641838,0.26848091970627497
2018,mv_50,overweight_vs_vw,JP3982100004,0.0012355896585087257,0.11870035406254814
2018,mv_50,overweight_vs_vw,JP3711200000,0.0008899691652448187,0.07631832369284607
2018,mv_50,overweight_vs_vw,JP3786200000,0.0010957355879929493,0.044267963402733056
2018,mv_50,overweight_vs_vw,JP3326410002,0.000523724937720621,0.038227881130814184
2018,mv_50,overweight_vs_vw,BMG988031446,0.0013387868164526438,0.038748619826115285
2018,mv_50,overweight_vs_vw,HK0823032773,0.003466583422151769,0.040541116685934214
2018,mv_50,overweight_vs_vw,JP3902900004,0.01943098735694269,0.05505430313922471
2018,mv_50,overweight_vs_vw,JP3657400002,0.0014278271744210937,0.03627665434698028
2018,mv_50,overweight_vs_vw,JP3814800003,0.004639781675714457,0.039410253187711596
2018,vw_50,excluded_vs_vw,JP3165700000,0.003019472399099831,0.0
2018,vw_50,excluded_vs_vw,JP3386030005,0.002706126343325124,0.0
2018,vw_50,excluded_vs_vw,AU000000IAG3,0.0025324043739510683,0.0
2018,vw_50,excluded_vs_vw,JP3551520004,0.002334424556243596,0.0
2018,vw_50,excluded_vs_vw,AU000000RHC8,0.0020153927820671896,0.0
2018,vw_50,excluded_vs_vw,JP3526600006,0.0017484779637571503,0.0
2018,vw_50,excluded_vs_vw,JP3414750004,0.0015767053835493915,0.0
2018,vw_50,excluded_vs_vw,JP3180400008,0.0015540409965850554,0.0
2018,vw_50,excluded_vs_vw,JP3688370000,0.001270685964585093,0.0
2018,vw_50,excluded_vs_vw,JP3174410005,0.0012680612252394608,0.0
2018,vw_50,overweight_vs_vw,AU000000BWP3,0.0002746612673940888,0.061961492117512604
2018,vw_50,overweight_vs_vw,JP3720800006,0.0016380527336235908,0.02500341251083318
2018,vw_50,overweight_vs_vw,JP3769000005,0.0005839880769663745,0.023052260258017935
2018,vw_50,overweight_vs_vw,JP3819400007,0.0007072248825289966,0.019124984989243865
2018,vw_50,overweight_vs_vw,JP3711200000,0.0008899691652448187,0.019278491520236928
2018,vw_50,overweight_vs_vw,JP3389900006,0.00033262639075934777,0.011459434391191289
2018,vw_50,overweight_vs_vw,JP3765400001,0.0006235946270782475,0.01122539056278494
2018,vw_50,overweight_vs_vw,JP3955000009,0.0010296188054360396,0.011020637366076069
2018,vw_50,overweight_vs_vw,JP3592200004,0.0034503385124326266,0.01262320906516185
2018,vw_50,overweight_vs_vw,AU000000BEN6,0.0008308741992822397,0.009942100979989038
2018,vw_nz,excluded_vs_vw,JP3788600009,0.007062854156714188,0.0
2018,vw_nz,excluded_vs_vw,JP3111200006,0.003317750844792345,0.0
2018,vw_nz,excluded_vs_vw,JP3165700000,0.003019472399099831,0.0
2018,vw_nz,excluded_vs_vw,JP3386030005,0.002706126343325124,0.0
2018,vw_nz,excluded_vs_vw,AU000000SUN6,0.00259410582655173,0.0
2018,vw_nz,excluded_vs_vw,JP3551520004,0.002334424556243596,0.0
2018,vw_nz,excluded_vs_vw,JP3526600006,0.0017484779637571503,0.0
2018,vw_nz,excluded_vs_vw,JP3414750004,0.0015767053835493915,0.0
2018,vw_nz,excluded_vs_vw,AU000000COH5,0.0014609594891651244,0.0
2018,vw_nz,excluded_vs_vw,JP3357200009,0.0014109306430424306,0.0
2018,vw_nz,overweight_vs_vw,AU000000BWP3,0.0002746612673940888,0.06955985244282062
2018,vw_nz,overweight_vs_vw,JP3711200000,0.0008899691652448187,0.022680970119900976
2018,vw_nz,overweight_vs_vw,JP3769000005,0.0005839880769663745,0.021597277134172067
2018,vw_nz,overweight_vs_vw,JP3720800006,0.0016380527336235908,0.022270109434999567
2018,vw_nz,overweight_vs_vw,JP3819400007,0.0007072248825289966,0.01822223301899918
2018,vw_nz,overweight_vs_vw,JP3787000003,0.0016806965342717173,0.0147132863952333
2018,vw_nz,overweight_vs_vw,JP3955000009,0.0010296188054360396,0.01365657163488073
2018,vw_nz,overweight_vs_vw,JP3765400001,0.0006235946270782475,0.01266769422734939
2018,vw_nz,overweight_vs_vw,AU000000BEN6,0.0008308741992822397,0.011608087135582503
2018,vw_nz,overweight_vs_vw,JP3667600005,0.0010053536560196037,0.011166426812157832
2019,mv,excluded_vs_vw,JP3633400001,0.039417783834975635,0.0
2019,mv,excluded_vs_vw,JP3436100006,0.016882538239683716,0.0
2019,mv,excluded_vs_vw,JP3735400008,0.016607936854979667,0.0
2019,mv,excluded_vs_vw,AU000000BHP4,0.014856456871726278,0.0
2019,mv,excluded_vs_vw,AU000000CSL8,0.012690715174470216,0.0
2019,mv,excluded_vs_vw,JP3435000009,0.01268549359670871,0.0
2019,mv,excluded_vs_vw,JP3463000004,0.012499599472226744,0.0
2019,mv,excluded_vs_vw,JP3496400007,0.012409548102443995,0.0
2019,mv,excluded_vs_vw,AU000000WBC1,0.012210433260732425,0.0
2019,mv,excluded_vs_vw,JP3854600008,0.010669982449284448,0.0
2019,mv,overweight_vs_vw,JP3814000000,0.004329809710081345,0.0984699966271259
2019,mv,overweight_vs_vw,JP3027670003,0.0018069716556617878,0.08434813698165702
2019,mv,overweight_vs_vw,JP3421800008,0.003834563906005732,0.08559993377153287
2019,mv,overweight_vs_vw,JP3228600007,0.002721287790218543,0.07932891877502357
2019,mv,overweight_vs_vw,HK0002007356,0.005781849084534027,0.07743376253212024
2019,mv,overweight_vs_vw,MU0117U00026,0.00048151484141455847,0.04894769612862992
2019,mv,overweight_vs_vw,JP3486800000,0.0020640420397445096,0.0484059262551238
2019,mv,overweight_vs_vw,JP3802300008,0.00978328111514016,0.0507640254745759
2019,mv,overweight_vs_vw,BMG8403G1033,0.00016528775353646293,0.040697571882935074
2019,mv,overweight_vs_vw,JP3592200004,0.003632586130783858,0.04015111189893297
2019,mv_50,excluded_vs_vw,JP3633400001,0.039417783834975635,0.0
2019,mv_50,excluded_vs_vw,JP3436100006,0.016882538239683716,0.0
2019,mv_50,excluded_vs_vw,JP3735400008,0.016607936854979667,0.0
2019,mv_50,excluded_vs_vw,AU000000BHP4,0.014856456871726278,0.0
2019,mv_50,excluded_vs_vw,AU000000CSL8,0.012690715174470216,0.0
2019,mv_50,excluded_vs_vw,JP3435000009,0.01268549359670871,0.0
2019,mv_50,excluded_vs_vw,JP3463000004,0.012499599472226744,0.0
2019,mv_50,excluded_vs_vw,JP3496400007,0.012409548102443995,0.0
2019,mv_50,excluded_vs_vw,AU000000WBC1,0.012210433260732425,0.0
2019,mv_50,excluded_vs_vw,JP3854600008,0.010669982449284448,0.0
2019,mv_50,overweight_vs_vw,JP3814000000,0.004329809710081345,0.11905041521314252
2019,mv_50,overweight_vs_vw,JP3027670003,0.0018069716556617878,0.1054198535897144
2019,mv_50,overweight_vs_vw,JP3486800000,0.0020640420397445096,0.0700345880908732
2019,mv_50,overweight_vs_vw,JP3228600007,0.002721287790218543,0.06481324281706728
2019,mv_50,overweight_vs_vw,JP3421800008,0.003834563906005732,0.064058251000769
2019,mv_50,overweight_vs_vw,AU000000CBA7,0.017794064900189175,0.07003117789780715
2019,mv_50,overweight_vs_vw,JP3802300008,0.00978328111514016,0.05918005094745534
2019,mv_50,overweight_vs_vw,JP3194000000,0.00022006269987189604,0.04732685922579136
2019,mv_50,overweight_vs_vw,JP3326410002,0.0006863356962388949,0.04370413629369999
2019,mv_50,overweight_vs_vw,JP3778630008,0.001906080378200426,0.039187372071693746
2019,vw_50,excluded_vs_vw,AU000000CSL8,0.012690715174470216,0.0
2019,vw_50,excluded_vs_vw,HK0016000132,0.009529494567413914,0.0
2019,vw_50,excluded_vs_vw,JP3898400001,0.008979370576682107,0.0
2019,vw_50,excluded_vs_vw,JP3566800003,0.008875322201873268,0.0
2019,vw_50,excluded_vs_vw,AU000000TLS2,0.005278244785258435,0.0
2019,vw_50,excluded_vs_vw,HK0012000102,0.004949894901254197,0.0
2019,vw_50,excluded_vs_vw,JP3304200003,0.004703313336682516,0.0
2019,vw_50,excluded_vs_vw,AU000000TCL6,0.004700309440426561,0.0
2019,vw_50,excluded_vs_vw,JP3571400005,0.004619853464302125,0.0
2019,vw_50,excluded_vs_vw,JP3258000003,0.004348512091265142,0.0
2019,vw_50,overweight_vs_vw,AU000000BWP3,0.00033877517101019573,0.24409033994198853
2019,vw_50,overweight_vs_vw,HK0363006039,0.0004560859562551026,0.03731444504011632
2019,vw_50,overweight_vs_vw,JP3826800009,9.859847710719049e-05,0.03429233559128542
2019,vw_50,overweight_vs_vw,JP3820000002,0.0008861891033220573,0.031434355366512276
2019,vw_50,overweight_vs_vw,AU000000BEN6,0.0007570592867409356,0.02861009229544535
2019,vw_50,overweight_vs_vw,JP3358000002,0.0025835056406014354,0.029804816673727797
2019,vw_50,overweight_vs_vw,AU000000GWA4,0.00010877360487438375,0.026964010177939413
2019,vw_50,overweight_vs_vw,JP3493400000,0.0005985099495248344,0.020154849886849468
2019,vw_50,overweight_vs_vw,JP3899600005,0.004861950031093106,0.021946344929537676
2019,vw_50,overweight_vs_vw,KYG210961051,0.0023702270210379296,0.019252213709399252
2019,vw_nz,excluded_vs_vw,JP3854600008,0.010669982449284448,0.0
2019,vw_nz,excluded_vs_vw,JP3783600004,0.007014056064445736,0.0
2019,vw_nz,excluded_vs_vw,JP3910660004,0.006917435036559254,0.0
2019,vw_nz,excluded_vs_vw,JP3519400000,0.006806860682243924,0.0
2019,vw_nz,excluded_vs_vw,AU000000TLS2,0.005278244785258435,0.0
2019,vw_nz,excluded_vs_vw,JP3351600006,0.004830644389213476,0.0
2019,vw_nz,excluded_vs_vw,AU000000TCL6,0.004700309440426561,0.0
2019,vw_nz,excluded_vs_vw,JP3546800008,0.004331850691807136,0.0
2019,vw_nz,excluded_vs_vw,JP3266400005,0.0038202810047067676,0.0
2019,vw_nz,excluded_vs_vw,JP3634600005,0.0032471701594796315,0.0
2019,vw_nz,overweight_vs_vw,AU000000BWP3,0.00033877517101019573,0.24751786565772715
2019,vw_nz,overweight_vs_vw,HK0363006039,0.0004560859562551026,0.03357076681365087
2019,vw_nz,overweight_vs_vw,JP3826800009,9.859847710719049e-05,0.02964984340686942
2019,vw_nz,overweight_vs_vw,JP3820000002,0.0008861891033220573,0.02712280115565272
2019,vw_nz,overweight_vs_vw,JP3358000002,0.0025835056406014354,0.02780782946976639
2019,vw_nz,overweight_vs_vw,AU000000BEN6,0.0007570592867409356,0.025543622240615783
2019,vw_nz,overweight_vs_vw,AU000000GWA4,0.00010877360487438375,0.022234434436069168
2019,vw_nz,overweight_vs_vw,JP3899600005,0.004861950031093106,0.024966557228507585
2019,vw_nz,overweight_vs_vw,JP3493400000,0.0005985099495248344,0.018118817116526534
2019,vw_nz,overweight_vs_vw,HK0014000126,0.0010975200545266135,0.018039187185770834
2020,mv,excluded_vs_vw,JP3633400001,0.04153248298163231,0.0
2020,mv,excluded_vs_vw,AU000000CBA7,0.01829384485352421,0.0
2020,mv,excluded_vs_vw,JP3735400008,0.01825212947236366,0.0
2020,mv,excluded_vs_vw,AU000000CSL8,0.017275666081933316,0.0
2020,mv,excluded_vs_vw,JP3435000009,0.016467011629186578,0.0
2020,mv,excluded_vs_vw,JP3436100006,0.015798484859094634,0.0
2020,mv,excluded_vs_vw,AU000000BHP4,0.01377213265479526,0.0
2020,mv,excluded_vs_vw,JP3496400007,0.013051965484841123,0.0
2020,mv,excluded_vs_vw,JP3463000004,0.01108835429447874,0.0
2020,mv,excluded_vs_vw,AU000000WBC1,0.010952049122245365,0.0
2020,mv,overweight_vs_vw,JP3522200009,0.0009517612839248072,0.23977721252575218
2020,mv,overweight_vs_vw,HK0002007356,0.004767616083088102,0.12282453226140089
2020,mv,overweight_vs_vw,JP3326410002,0.000434165260801854,0.0657043620712531
2020,mv,overweight_vs_vw,JP3352000008,0.00021251807103667204,0.05952530549126131
2020,mv,overweight_vs_vw,JP3902900004,0.012883597956809401,0.06481636885640711
2020,mv,overweight_vs_vw,MU0117U00026,0.0003510740337903934,0.03967754109753807
2020,mv,overweight_vs_vw,JP3868400007,0.0009643806795997101,0.039430070508640905
2020,mv,overweight_vs_vw,HK0006000050,0.0028012101155264874,0.03936303192149134
2020,mv,overweight_vs_vw,JP3814000000,0.004739911097096781,0.03942387796470067
2020,mv,overweight_vs_vw,JP3228600007,0.0019790691742442123,0.031048984960435445
2020,mv_50,excluded_vs_vw,JP3633400001,0.04153248298163231,0.0
2020,mv_50,excluded_vs_vw,JP3735400008,0.01825212947236366,0.0
2020,mv_50,excluded_vs_vw,AU000000CSL8,0.017275666081933316,0.0
2020,mv_50,excluded_vs_vw,JP3435000009,0.016467011629186578,0.0
2020,mv_50,excluded_vs_vw,JP3436100006,0.015798484859094634,0.0
2020,mv_50,excluded_vs_vw,AU000000BHP4,0.01377213265479526,0.0
2020,mv_50,excluded_vs_vw,JP3496400007,0.013051965484841123,0.0
2020,mv_50,excluded_vs_vw,JP3463000004,0.01108835429447874,0.0
2020,mv_50,excluded_vs_vw,AU000000WBC1,0.010952049122245365,0.0
2020,mv_50,excluded_vs_vw,JP3519400000,0.01087376432786981,0.0
2020,mv_50,overweight_vs_vw,JP3814000000,0.004739911097096781,0.1046281144695064
2020,mv_50,overweight_vs_vw,JP3522200009,0.0009517612839248072,0.09999671539685884
2020,mv_50,overweight_vs_vw,HK0002007356,0.004767616083088102,0.09864704514458768
2020,mv_50,overweight_vs_vw,HK0006000050,0.0028012101155264874,0.06489138620014497
2020,mv_50,overweight_vs_vw,JP3352000008,0.00021251807103667204,0.06127343112365654
2020,mv_50,overweight_vs_vw,JP3326410002,0.000434165260801854,0.05960488333800106
2020,mv_50,overweight_vs_vw,JP3982100004,0.0010543319802327946,0.05091862027629864
2020,mv_50,overweight_vs_vw,JP3902900004,0.012883597956809401,0.053467852635367734
2020,mv_50,overweight_vs_vw,JP3573000001,0.0018064519784660425,0.0414932785693589
2020,mv_50,overweight_vs_vw,JP3868400007,0.0009643806795997101,0.0400325789082042
2020,vw_50,excluded_vs_vw,JP3890350006,0.008918944546384951,0.0
2020,vw_50,excluded_vs_vw,JP3756600007,0.008852788099306381,0.0
2020,vw_50,excluded_vs_vw,SG1T75931496,0.007057812779397856,0.0
2020,vw_50,excluded_vs_vw,JP3783600004,0.006049865703562469,0.0
2020,vw_50,excluded_vs_vw,JP3830800003,0.004671523939543058,0.0
2020,vw_50,excluded_vs_vw,JP3672400003,0.004181576313193153,0.0
2020,vw_50,excluded_vs_vw,JP3397200001,0.004143615900483822,0.0
2020,vw_50,excluded_vs_vw,HK0012000102,0.003982102969697758,0.0
2020,vw_50,excluded_vs_vw,JP3304200003,0.00394815674056851,0.0
2020,vw_50,excluded_vs_vw,AU0000224040,0.00388125550635912,0.0
2020,vw_50,overweight_vs_vw,AU000000BWP3,0.000321127384571996,0.21409249335497924
2020,vw_50,overweight_vs_vw,JP3352000008,0.00021251807103667204,0.04098098639883584
2020,vw_50,overweight_vs_vw,HK0363006039,0.0003474778802420701,0.03699348022049466
2020,vw_50,overweight_vs_vw,HK0011000095,0.007062843743448201,0.035011942565033025
2020,vw_50,overweight_vs_vw,JP3814000000,0.004739911097096781,0.032551247424997216
2020,vw_50,overweight_vs_vw,JP3830000000,0.0009414054569808288,0.024549274856588203
2020,vw_50,overweight_vs_vw,JP3205800000,0.007042362097350643,0.029670742142312533
2020,vw_50,overweight_vs_vw,JP3826800009,8.992026783596687e-05,0.020512209932761545
2020,vw_50,overweight_vs_vw,JP3108600002,0.0013455985121431297,0.020636102224764395
2020,vw_50,overweight_vs_vw,JP3788600009,0.006659450239176339,0.025623703208000576
2020,vw_nz,excluded_vs_vw,JP3436100006,0.015798484859094634,0.0
2020,vw_nz,excluded_vs_vw,HK0388045442,0.007717916883260378,0.0
2020,vw_nz,excluded_vs_vw,JP3726800000,0.007692413400405747,0.0
2020,vw_nz,excluded_vs_vw,JP3566800003,0.007473493445869598,0.0
2020,vw_nz,excluded_vs_vw,HK0000049939,0.004702697296976924,0.0
2020,vw_nz,excluded_vs_vw,JP3672400003,0.004181576313193153,0.0
2020,vw_nz,excluded_vs_vw,JP3505000004,0.00385631791568722,0.0
2020,vw_nz,excluded_vs_vw,BMG2178K1009,0.0033606474764571147,0.0
2020,vw_nz,excluded_vs_vw,JP3409000001,0.0032385425470929812,0.0
2020,vw_nz,excluded_vs_vw,AU000000ALL7,0.002777652571596989,0.0
2020,vw_nz,overweight_vs_vw,AU000000BWP3,0.000321127384571996,0.22620738923313707
2020,vw_nz,overweight_vs_vw,HK0363006039,0.0003474778802420701,0.03087761534677695
2020,vw_nz,overweight_vs_vw,JP3352000008,0.00021251807103667204,0.028708319279011466
2020,vw_nz,overweight_vs_vw,JP3814000000,0.004739911097096781,0.025162914135318352
2020,vw_nz,overweight_vs_vw,JP3906000009,0.001553353961551591,0.021578074280117057
2020,vw_nz,overweight_vs_vw,HK0011000095,0.007062843743448201,0.02632304950147956
2020,vw_nz,overweight_vs_vw,JP3205800000,0.007042362097350643,0.024448442258232218
2020,vw_nz,overweight_vs_vw,JP3830000000,0.0009414054569808288,0.017654285739077687
2020,vw_nz,overweight_vs_vw,JP3826800009,8.992026783596687e-05,0.01643002187560268
2020,vw_nz,overweight_vs_vw,JP3788600009,0.006659450239176339,0.022551981289327398
2021,mv,excluded_vs_vw,JP3633400001,0.03640685018215735,0.0
2021,mv,excluded_vs_vw,JP3436100006,0.02677321072981729,0.0
2021,mv,excluded_vs_vw,JP3435000009,0.019751212749335646,0.0
2021,mv,excluded_vs_vw,AU000000CBA7,0.018313739451188332,0.0
2021,mv,excluded_vs_vw,AU000000BHP4,0.015838687325840324,0.0
2021,mv,excluded_vs_vw,JP3735400008,0.01541550180343082,0.0
2021,mv,excluded_vs_vw,AU000000CSL8,0.014879637738406847,0.0
2021,mv,excluded_vs_vw,JP3519400000,0.013622742052736019,0.0
2021,mv,excluded_vs_vw,HK0388045442,0.01340438470945413,0.0
2021,mv,excluded_vs_vw,JP3734800000,0.012922343154587894,0.0
2021,mv,overweight_vs_vw,HK0002007356,0.003699072618503516,0.18157199585497918
2021,mv,overweight_vs_vw,JP3522200009,0.0007370397945333816,0.1608096060870003
2021,mv,overweight_vs_vw,JP3982100004,0.0007700832954505726,0.09061351059745489
2021,mv,overweight_vs_vw,JP3352000008,0.00015212720065712885,0.07831070559539755
2021,mv,overweight_vs_vw,JP3868400007,0.000732830511510846,0.07221725645490296
2021,mv,overweight_vs_vw,JP3326410002,0.0003121759070323029,0.05960663008866454
2021,mv,overweight_vs_vw,BMG2624N1535,0.0009235884228370518,0.045513968096545496
2021,mv,overweight_vs_vw,HK0291001490,0.004769669779009904,0.039725088802625805
2021,mv,overweight_vs_vw,JP3613000003,0.0007890911340321568,0.035306471248908226
2021,mv,overweight_vs_vw,JP3814000000,0.004664406243932148,0.0389224897674961
2021,mv_50,excluded_vs_vw,JP3633400001,0.03640685018215735,0.0
2021,mv_50,excluded_vs_vw,JP3436100006,0.02677321072981729,0.0
2021,mv_50,excluded_vs_vw,JP3435000009,0.019751212749335646,0.0
2021,mv_50,excluded_vs_vw,AU000000CBA7,0.018313739451188332,0.0
2021,mv_50,excluded_vs_vw,AU000000BHP4,0.015838687325840324,0.0
2021,mv_50,excluded_vs_vw,JP3735400008,0.01541550180343082,0.0
2021,mv_50,excluded_vs_vw,AU000000CSL8,0.014879637738406847,0.0
2021,mv_50,excluded_vs_vw,JP3519400000,0.013622742052736019,0.0
2021,mv_50,excluded_vs_vw,HK0388045442,0.01340438470945413,0.0
2021,mv_50,excluded_vs_vw,JP3734800000,0.012922343154587894,0.0
2021,mv_50,overweight_vs_vw,HK0002007356,0.003699072618503516,0.11215949017653465
2021,mv_50,overweight_vs_vw,JP3982100004,0.0007700832954505726,0.1085301090146471
2021,mv_50,overweight_vs_vw,JP3352000008,0.00015212720065712885,0.09458704430720385
2021,mv_50,overweight_vs_vw,JP3522200009,0.0007370397945333816,0.07904917859876115
2021,mv_50,overweight_vs_vw,BMG2624N1535,0.0009235884228370518,0.06911441254618902
2021,mv_50,overweight_vs_vw,JP3814000000,0.004664406243932148,0.07249815310680532
2021,mv_50,overweight_vs_vw,JP3326410002,0.0003121759070323029,0.06609372173365995
2021,mv_50,overweight_vs_vw,JP3868400007,0.000732830511510846,0.05885499220589806
2021,mv_50,overweight_vs_vw,JP3613000003,0.0007890911340321568,0.03114606269414255
2021,mv_50,overweight_vs_vw,HK0006000050,0.0018103786517170049,0.02999420754995684
2021,vw_50,excluded_vs_vw,JP3551500006,0.007489574450641141,0.0
2021,vw_50,excluded_vs_vw,HK0016000132,0.00624504392709294,0.0
2021,vw_50,excluded_vs_vw,JP3898400001,0.005914780372274339,0.0
2021,vw_50,excluded_vs_vw,JP3566800003,0.004623095182638855,0.0
2021,vw_50,excluded_vs_vw,HK0002007356,0.003699072618503516,0.0
2021,vw_50,excluded_vs_vw,JP3111200006,0.00249408041261393,0.0
2021,vw_50,excluded_vs_vw,JP3240400006,0.002115370778643209,0.0
2021,vw_50,excluded_vs_vw,HK0000608585,0.0018569434519098745,0.0
2021,vw_50,excluded_vs_vw,JP3407400005,0.001739000159565803,0.0
2021,vw_50,excluded_vs_vw,JP3596200000,0.001734951320066548,0.0
2021,vw_50,overweight_vs_vw,AU000000BWP3,0.0003285364274797587,0.13392975189678807
2021,vw_50,overweight_vs_vw,HK0363006039,0.00023607062284719988,0.021822516018970405
2021,vw_50,overweight_vs_vw,JP3600200004,0.0010083922627451072,0.021785911769939995
2021,vw_50,overweight_vs_vw,HK0014000126,0.0006086959867390093,0.02031192733559341
2021,vw_50,overweight_vs_vw,JP3814000000,0.004664406243932148,0.02379986305014274
2021,vw_50,overweight_vs_vw,JP3419050004,0.000667007769597161,0.018492354625365137
2021,vw_50,overweight_vs_vw,HK0000055878,0.0010444055418187062,0.018649347167932748
2021,vw_50,overweight_vs_vw,BMG8403G1033,0.00013399393657499532,0.016802331138207473
2021,vw_50,overweight_vs_vw,JP3906000009,0.0015161551165592153,0.017163978440068704
2021,vw_50,overweight_vs_vw,JP3435000009,0.019751212749335646,0.03509780981479594
2021,vw_nz,excluded_vs_vw,SG1L01001701,0.007678419623493728,0.0
2021,vw_nz,excluded_vs_vw,JP3898400001,0.005914780372274339,0.0
2021,vw_nz,excluded_vs_vw,AU000000MQG1,0.00579254914812181,0.0
2021,vw_nz,excluded_vs_vw,SG1T75931496,0.0045975264623356734,0.0
2021,vw_nz,excluded_vs_vw,JP3672400003,0.0034995705351585226,0.0
2021,vw_nz,excluded_vs_vw,AU0000224040,0.0028769788809228473,0.0
2021,vw_nz,excluded_vs_vw,JP3347200002,0.0026142683413082103,0.0
2021,vw_nz,excluded_vs_vw,AU000000ALL7,0.0024831718260065745,0.0
2021,vw_nz,excluded_vs_vw,JP3240400006,0.002115370778643209,0.0
2021,vw_nz,excluded_vs_vw,JP3942600002,0.0017975478887817201,0.0
2021,vw_nz,overweight_vs_vw,AU000000BWP3,0.0003285364274797587,0.14782095772070145
2021,vw_nz,overweight_vs_vw,HK0363006039,0.00023607062284719988,0.02628390723695267
2021,vw_nz,overweight_vs_vw,JP3826800009,7.621067355823823e-05,0.020243850516090393
2021,vw_nz,overweight_vs_vw,AU000000BEN6,0.0005960240943512867,0.020496521785302063
2021,vw_nz,overweight_vs_vw,JP3435000009,0.019751212749335646,0.03936777365196505
2021,vw_nz,overweight_vs_vw,HK0014000126,0.0006086959867390093,0.019072016428105427
2021,vw_nz,overweight_vs_vw,BMG8403G1033,0.00013399393657499532,0.018395701073385194
2021,vw_nz,overweight_vs_vw,JP3814000000,0.004664406243932148,0.02164858186933142
2021,vw_nz,overweight_vs_vw,HK0000055878,0.0010444055418187062,0.017408791338234964
2021,vw_nz,overweight_vs_vw,JP3830000000,0.0009285401503986891,0.015598439107008786
2022,mv,excluded_vs_vw,JP3633400001,0.050348465877550375,0.0
2022,mv,excluded_vs_vw,AU000000BHP4,0.025556181941025585,0.0
2022,mv,excluded_vs_vw,JP3435000009,0.022937829772559547,0.0
2022,mv,excluded_vs_vw,AU000000CBA7,0.017881877554658997,0.0
2022,mv,excluded_vs_vw,JP3735400008,0.016140809417787106,0.0
2022,mv,excluded_vs_vw,AU000000CSL8,0.013896478499810672,0.0
2022,mv,excluded_vs_vw,JP3902900004,0.012962739807406174,0.0
2022,mv,excluded_vs_vw,JP3436100006,0.01216368205692169,0.0
2022,mv,excluded_vs_vw,JP3571400005,0.012056904689409963,0.0
2022,mv,excluded_vs_vw,JP3371200001,0.011288852980872316,0.0
2022,mv,overweight_vs_vw,JP3573000001,0.0013492535052390202,0.10897763191916328
2022,mv,overweight_vs_vw,JP3352000008,0.00016013577192975414,0.10088515149854885
2022,mv,overweight_vs_vw,JP3119600009,0.0024315876598903345,0.08507131513730155
2022,mv,overweight_vs_vw,JP3819400007,0.00037193585814512207,0.08228826819910956
2022,mv,overweight_vs_vw,JP3326410002,0.0002867189319611089,0.06793656595773943
2022,mv,overweight_vs_vw,JP3143900003,0.000971129792668911,0.057182457346881856
2022,mv,overweight_vs_vw,HK0011000095,0.005862365518300004,0.05441693876639291
2022,mv,overweight_vs_vw,JP3522200009,0.0004561512370006241,0.04618195000686515
2022,mv,overweight_vs_vw,AU000000ELD6,0.00019246634080871436,0.04496408675405006
2022,mv,overweight_vs_vw,MU0117U00026,0.0003623660346015347,0.04300365361327615
2022,mv_50,excluded_vs_vw,JP3633400001,0.050348465877550375,0.0
2022,mv_50,excluded_vs_vw,AU000000BHP4,0.025556181941025585,0.0
2022,mv_50,excluded_vs_vw,JP3435000009,0.022937829772559547,0.0
2022,mv_50,excluded_vs_vw,AU000000CBA7,0.017881877554658997,0.0
2022,mv_50,excluded_vs_vw,JP3735400008,0.016140809417787106,0.0
2022,mv_50,excluded_vs_vw,AU000000CSL8,0.013896478499810672,0.0
2022,mv_50,excluded_vs_vw,JP3902900004,0.012962739807406174,0.0
2022,mv_50,excluded_vs_vw,JP3436100006,0.01216368205692169,0.0
2022,mv_50,excluded_vs_vw,JP3571400005,0.012056904689409963,0.0
2022,mv_50,excluded_vs_vw,JP3371200001,0.011288852980872316,0.0
2022,mv_50,overweight_vs_vw,JP3573000001,0.0013492535052390202,0.11722134314793085
2022,mv_50,overweight_vs_vw,JP3352000008,0.00016013577192975414,0.09542691125652923
2022,mv_50,overweight_vs_vw,JP3819400007,0.00037193585814512207,0.09171631989455306
2022,mv_50,overweight_vs_vw,JP3119600009,0.0024315876598903345,0.08777946721645409
2022,mv_50,overweight_vs_vw,JP3326410002,0.0002867189319611089,0.06650464770801218
2022,mv_50,overweight_vs_vw,JP3143900003,0.000971129792668911,0.05841257420985014
2022,mv_50,overweight_vs_vw,HK0011000095,0.005862365518300004,0.05834034841630278
2022,mv_50,overweight_vs_vw,AU000000ELD6,0.00019246634080871436,0.045793715186938415
2022,mv_50,overweight_vs_vw,JP3982100004,0.0006698395116678827,0.044128805959074764
2022,mv_50,overweight_vs_vw,JP3201200007,0.004529933349820303,0.04146602017299673
2022,vw_50,excluded_vs_vw,AU000000NAB4,0.010025976333374514,0.0
2022,vw_50,excluded_vs_vw,JP3933800009,0.006376918610451994,0.0
2022,vw_50,excluded_vs_vw,HK0002007356,0.003921303131396729,0.0
2022,vw_50,excluded_vs_vw,HK0012000102,0.0032844960481310417,0.0
2022,vw_50,excluded_vs_vw,JP3347200002,0.0031978800612602245,0.0
2022,vw_50,excluded_vs_vw,JP3778630008,0.002524028149132074,0.0
2022,vw_50,excluded_vs_vw,HK0000049939,0.00250563694516481,0.0
2022,vw_50,excluded_vs_vw,JP3240400006,0.0022317222911430847,0.0
2022,vw_50,excluded_vs_vw,JP3733000008,0.0018888545973231219,0.0
2022,vw_50,excluded_vs_vw,JP3407400005,0.0016461649281526048,0.0
2022,vw_50,overweight_vs_vw,AU000000BWP3,0.0002849316746353473,0.11650233326155544
2022,vw_50,overweight_vs_vw,JP3198900007,0.009994335201726344,0.03690132979831034
2022,vw_50,overweight_vs_vw,JP3201200007,0.004529933349820303,0.024576209679336988
2022,vw_50,overweight_vs_vw,AU000000BEN6,0.0005446492011771084,0.01825840756021661
2022,vw_50,overweight_vs_vw,JP3621000003,0.0014571768292289523,0.018627637899511763
2022,vw_50,overweight_vs_vw,BMG5320C1082,0.0013870607523003967,0.018091938194482158
2022,vw_50,overweight_vs_vw,BMG8403G1033,0.0001455551061704997,0.0164843671115476
2022,vw_50,overweight_vs_vw,JP3906000009,0.0016620421706859782,0.017442911144947885
2022,vw_50,overweight_vs_vw,JP3826800009,7.049185127506642e-05,0.015672319384512603
2022,vw_50,overweight_vs_vw,KYG2108Y1052,0.0053350531790187505,0.01931819653809965
2022,vw_nz,excluded_vs_vw,AU000000NAB4,0.010025976333374514,0.0
2022,vw_nz,excluded_vs_vw,BMG507361001,0.006527507850636498,0.0
2022,vw_nz,excluded_vs_vw,HK0002007356,0.003921303131396729,0.0
2022,vw_nz,excluded_vs_vw,JP3205800000,0.003726712578579637,0.0
2022,vw_nz,excluded_vs_vw,JP3347200002,0.0031978800612602245,0.0
2022,vw_nz,excluded_vs_vw,JP3778630008,0.002524028149132074,0.0
2022,vw_nz,excluded_vs_vw,JP3538800008,0.002488175860344489,0.0
2022,vw_nz,excluded_vs_vw,JP3635000007,0.0022707997176071313,0.0
2022,vw_nz,excluded_vs_vw,JP3240400006,0.0022317222911430847,0.0
2022,vw_nz,excluded_vs_vw,JP3256000005,0.0021395985703587346,0.0
2022,vw_nz,overweight_vs_vw,AU000000BWP3,0.0002849316746353473,0.11958363703641837
2022,vw_nz,overweight_vs_vw,JP3198900007,0.009994335201726344,0.036572014394751724
2022,vw_nz,overweight_vs_vw,JP3201200007,0.004529933349820303,0.024871864099770307
2022,vw_nz,overweight_vs_vw,JP3621000003,0.0014571768292289523,0.020193506407608156
2022,vw_nz,overweight_vs_vw,BMG5320C1082,0.0013870607523003967,0.018374383040437117
2022,vw_nz,overweight_vs_vw,BMG8403G1033,0.0001455551061704997,0.01651565667565653
2022,vw_nz,overweight_vs_vw,JP3826800009,7.049185127506642e-05,0.016388520411475208
2022,vw_nz,overweight_vs_vw,AU000000BEN6,0.0005446492011771084,0.016803231460805975
2022,vw_nz,overweight_vs_vw,JP3906000009,0.0016620421706859782,0.017609585607778762
2022,vw_nz,overweight_vs_vw,KYG2108Y1052,0.0053350531790187505,0.01989087312730034
2023,mv,excluded_vs_vw,JP3633400001,0.04022768306788546,0.0
2023,mv,excluded_vs_vw,AU000000BHP4,0.02959865370736963,0.0
2023,mv,excluded_vs_vw,AU000000CBA7,0.02215960352446143,0.0
2023,mv,excluded_vs_vw,JP3435000009,0.01899888526848185,0.0
2023,mv,excluded_vs_vw,JP3735400008,0.018255680418035523,0.0
2023,mv,excluded_vs_vw,AU000000CSL8,0.01756712535976973,0.0
2023,mv,excluded_vs_vw,JP3902900004,0.01577974112877282,0.0
2023,mv,excluded_vs_vw,JP3436100006,0.01427310080276053,0.0
2023,mv,excluded_vs_vw,AU000000NAB4,0.01184941905151385,0.0
2023,mv,excluded_vs_vw,SG1L01001701,0.011680282810031438,0.0
2023,mv,overweight_vs_vw,JP3573000001,0.0015771806791068832,0.12305177302514488
2023,mv,overweight_vs_vw,JP3819400007,0.00032426912607499145,0.10013760077906289
2023,mv,overweight_vs_vw,JP3352000008,0.00022564461817922355,0.08124733884544624
2023,mv,overweight_vs_vw,MU0117U00026,0.00042122696850779547,0.07409586583068019
2023,mv,overweight_vs_vw,JP3119600009,0.0027692387407349836,0.06697514874866185
2023,mv,overweight_vs_vw,HK0011000095,0.005187607364505792,0.06858489768466444
2023,mv,overweight_vs_vw,JP3613000003,0.0007676374927331913,0.05134050705307554
2023,mv,overweight_vs_vw,JP3027680002,0.0010207433705405624,0.03918763261252585
2023,mv,overweight_vs_vw,JP3935600001,0.0004341158480880491,0.031712751783229465
2023,mv,overweight_vs_vw,JP3496400007,0.012131506389871647,0.04312481440820951
2023,mv_50,excluded_vs_vw,JP3633400001,0.04022768306788546,0.0
2023,mv_50,excluded_vs_vw,AU000000BHP4,0.02959865370736963,0.0
2023,mv_50,excluded_vs_vw,AU000000CBA7,0.02215960352446143,0.0
2023,mv_50,excluded_vs_vw,JP3435000009,0.01899888526848185,0.0
2023,mv_50,excluded_vs_vw,JP3735400008,0.018255680418035523,0.0
2023,mv_50,excluded_vs_vw,AU000000CSL8,0.01756712535976973,0.0
2023,mv_50,excluded_vs_vw,JP3902900004,0.01577974112877282,0.0
2023,mv_50,excluded_vs_vw,JP3436100006,0.01427310080276053,0.0
2023,mv_50,excluded_vs_vw,AU000000NAB4,0.01184941905151385,0.0
2023,mv_50,excluded_vs_vw,SG1L01001701,0.011680282810031438,0.0
2023,mv_50,overweight_vs_vw,JP3819400007,0.00032426912607499145,0.11950972890720163
2023,mv_50,overweight_vs_vw,JP3573000001,0.0015771806791068832,0.09876702858178374
2023,mv_50,overweight_vs_vw,JP3352000008,0.00022564461817922355,0.08525883549522364
2023,mv_50,overweight_vs_vw,JP3119600009,0.0027692387407349836,0.07378257644156981
2023,mv_50,overweight_vs_vw,HK0011000095,0.005187607364505792,0.06705041653372944
2023,mv_50,overweight_vs_vw,JP3613000003,0.0007676374927331913,0.05296476453674381
2023,mv_50,overweight_vs_vw,JP3027680002,0.0010207433705405624,0.040776162172932326
2023,mv_50,overweight_vs_vw,JP3496400007,0.012131506389871647,0.050497155471555005
2023,mv_50,overweight_vs_vw,JP3421800008,0.0023104629777969403,0.04062556835659776
2023,mv_50,overweight_vs_vw,JP3613400005,0.0004375535560429705,0.03847831531139026
2023,vw_50,excluded_vs_vw,JP3933800009,0.003747310424922269,0.0
2023,vw_50,excluded_vs_vw,JP3205800000,0.0031436021067250777,0.0
2023,vw_50,excluded_vs_vw,BMG2178K1009,0.0024123248570919803,0.0
2023,vw_50,excluded_vs_vw,JP3762600009,0.0022008856158587053,0.0
2023,vw_50,excluded_vs_vw,JP3931600005,0.00203863657478941,0.0
2023,vw_50,excluded_vs_vw,JP3256000005,0.002033495164361236,0.0
2023,vw_50,excluded_vs_vw,JP3684000007,0.0016082008587236221,0.0
2023,vw_50,excluded_vs_vw,JP3573000001,0.0015771806791068832,0.0
2023,vw_50,excluded_vs_vw,JP3357200009,0.0015469904652206908,0.0
2023,vw_50,excluded_vs_vw,HK0101000591,0.0015067211340347366,0.0
2023,vw_50,overweight_vs_vw,AU000000BWP3,0.00030503008273079885,0.09904602729785836
2023,vw_50,overweight_vs_vw,JP3814000000,0.004586417563008191,0.028990128455293213
2023,vw_50,overweight_vs_vw,KYG2108Y1052,0.005679216437064223,0.025442727425364742
2023,vw_50,overweight_vs_vw,JP3198900007,0.010190630687238106,0.029740185327118952
2023,vw_50,overweight_vs_vw,SG9999000020,0.0018483656684362426,0.021111428202925563
2023,vw_50,overweight_vs_vw,JP3906000009,0.0012661219812014647,0.018309245372811398
2023,vw_50,overweight_vs_vw,JP3242800005,0.004982371822495771,0.02121056616126903
2023,vw_50,overweight_vs_vw,AU000000BEN6,0.0006800971519163667,0.0162830837404062
2023,vw_50,overweight_vs_vw,JP3783600004,0.003428643988403584,0.0170932403250464
2023,vw_50,overweight_vs_vw,JP3539220008,0.0015739264727029345,0.015023332437527265
2023,vw_nz,excluded_vs_vw,AU000000WBC1,0.00986320499778629,0.0
2023,vw_nz,excluded_vs_vw,JP3566800003,0.004169066012576904,0.0
2023,vw_nz,excluded_vs_vw,HK0291001490,0.004129779845664051,0.0
2023,vw_nz,excluded_vs_vw,JP3546800008,0.0036871050811985184,0.0
2023,vw_nz,excluded_vs_vw,JP3877600001,0.003551697771585279,0.0
2023,vw_nz,excluded_vs_vw,IE00BKVD2N49,0.0025156934693055582,0.0
2023,vw_nz,excluded_vs_vw,JP3778630008,0.0025132170401176595,0.0
2023,vw_nz,excluded_vs_vw,BMG2178K1009,0.0024123248570919803,0.0
2023,vw_nz,excluded_vs_vw,JP3762600009,0.0022008856158587053,0.0
2023,vw_nz,excluded_vs_vw,JP3409000001,0.0019232780722452981,0.0
2023,vw_nz,overweight_vs_vw,AU000000BWP3,0.00030503008273079885,0.1000445046262507
2023,vw_nz,overweight_vs_vw,JP3814000000,0.004586417563008191,0.0302045892641029
2023,vw_nz,overweight_vs_vw,JP3198900007,0.010190630687238106,0.03098753827384272
2023,vw_nz,overweight_vs_vw,JP3906000009,0.0012661219812014647,0.020594272149771612
2023,vw_nz,overweight_vs_vw,SG9999000020,0.0018483656684362426,0.020633814221902882
2023,vw_nz,overweight_vs_vw,KYG2108Y1052,0.005679216437064223,0.024151155743671052
2023,vw_nz,overweight_vs_vw,JP3242800005,0.004982371822495771,0.021013734759097978
2023,vw_nz,overweight_vs_vw,JP3539220008,0.0015739264727029345,0.017556783786597745
2023,vw_nz,overweight_vs_vw,AU000000BEN6,0.0006800971519163667,0.016575451822630146
2023,vw_nz,overweight_vs_vw,BMG5320C1082,0.0011598728996877541,0.015499602068550777
2024,mv,excluded_vs_vw,JP3633400001,0.05248080428417222,0.0
2024,mv,excluded_vs_vw,AU000000BHP4,0.025421399207544486,0.0
2024,mv,excluded_vs_vw,AU000000CBA7,0.020430178593359147,0.0
2024,mv,excluded_vs_vw,JP3435000009,0.019896853124252628,0.0
2024,mv,excluded_vs_vw,JP3902900004,0.01871736130412581,0.0
2024,mv,excluded_vs_vw,AU000000CSL8,0.0152563086181153,0.0
2024,mv,excluded_vs_vw,JP3571400005,0.014443796094603417,0.0
2024,mv,excluded_vs_vw,JP3802300008,0.013463408722181644,0.0
2024,mv,excluded_vs_vw,JP3371200001,0.01295850758520836,0.0
2024,mv,excluded_vs_vw,JP3788600009,0.012090434299232754,0.0
2024,mv,overweight_vs_vw,JP3573000001,0.0016303980376060861,0.13949047573925866
2024,mv,overweight_vs_vw,MU0117U00026,0.00041722847410299337,0.10227444886983465
2024,mv,overweight_vs_vw,HK0011000095,0.0031920896651132123,0.07753116094024856
2024,mv,overweight_vs_vw,JP3352000008,0.0002965810004589261,0.06616642684671728
2024,mv,overweight_vs_vw,JP3935600001,0.0008503545365815822,0.05868460787792765
2024,mv,overweight_vs_vw,JP3868400007,0.0012180949395316368,0.04675912769525656
2024,mv,overweight_vs_vw,JP3201200007,0.0029848505904633863,0.04409762516326471
2024,mv,overweight_vs_vw,JP3819400007,0.0004824024458822693,0.040877666640809183
2024,mv,overweight_vs_vw,JP3160400002,0.00219787310369791,0.041953456034555074
2024,mv,overweight_vs_vw,HK0002007356,0.003356861914950003,0.03967491619944779
2024,mv_50,excluded_vs_vw,JP3633400001,0.05248080428417222,0.0
2024,mv_50,excluded_vs_vw,AU000000BHP4,0.025421399207544486,0.0
2024,mv_50,excluded_vs_vw,AU000000CBA7,0.020430178593359147,0.0
2024,mv_50,excluded_vs_vw,JP3435000009,0.019896853124252628,0.0
2024,mv_50,excluded_vs_vw,JP3902900004,0.01871736130412581,0.0
2024,mv_50,excluded_vs_vw,JP3735400008,0.018503836234478925,0.0
2024,mv_50,excluded_vs_vw,AU000000CSL8,0.0152563086181153,0.0
2024,mv_50,excluded_vs_vw,JP3571400005,0.014443796094603417,0.0
2024,mv_50,excluded_vs_vw,JP3802300008,0.013463408722181644,0.0
2024,mv_50,excluded_vs_vw,JP3371200001,0.01295850758520836,0.0
2024,mv_50,overweight_vs_vw,JP3573000001,0.0016303980376060861,0.11478501618092934
2024,mv_50,overweight_vs_vw,HK0011000095,0.0031920896651132123,0.09253321811641535
2024,mv_50,overweight_vs_vw,JP3352000008,0.0002965810004589261,0.06748414229994201
2024,mv_50,overweight_vs_vw,JP3819400007,0.0004824024458822693,0.058442672758951035
2024,mv_50,overweight_vs_vw,MU0117U00026,0.00041722847410299337,0.051101354307095975
2024,mv_50,overweight_vs_vw,JP3935600001,0.0008503545365815822,0.04746876919598779
2024,mv_50,overweight_vs_vw,JP3868400007,0.0012180949395316368,0.041951009824956906
2024,mv_50,overweight_vs_vw,JP3119600009,0.003409722446657919,0.04406108278995067
2024,mv_50,overweight_vs_vw,BMG2624N1535,0.0004506072691310783,0.03861142934363715
2024,mv_50,overweight_vs_vw,JP3201200007,0.0029848505904633863,0.039364204687537596
2024,vw_50,excluded_vs_vw,JP3802400006,0.0044089209418973685,0.0
2024,vw_50,excluded_vs_vw,JP3566800003,0.004179278516440544,0.0
2024,vw_50,excluded_vs_vw,JP3734800000,0.003545674459792255,0.0
2024,vw_50,excluded_vs_vw,HK0000049939,0.0033889948225377968,0.0
2024,vw_50,excluded_vs_vw,BMG2178K1009,0.0024470505917561355,0.0
2024,vw_50,excluded_vs_vw,JP3778630008,0.0022973065561796664,0.0
2024,vw_50,excluded_vs_vw,JP3358000002,0.002069171799959925,0.0
2024,vw_50,excluded_vs_vw,JP3111200006,0.001685543504256378,0.0
2024,vw_50,excluded_vs_vw,SG1M51904654,0.0016108290403273242,0.0
2024,vw_50,excluded_vs_vw,AU000000CPU5,0.0015601047773561977,0.0
2024,vw_50,overweight_vs_vw,AU000000BWP3,0.00023007711251446262,0.07317911626755803
2024,vw_50,overweight_vs_vw,JP3198900007,0.010739691937767033,0.028851359300393144
2024,vw_50,overweight_vs_vw,JP3732200005,0.0006184756542928982,0.01752544746555192
2024,vw_50,overweight_vs_vw,JP3122400009,0.005124317266610216,0.020477722164982396
2024,vw_50,overweight_vs_vw,JP3242800005,0.005756319929674421,0.02072151158477502
2024,vw_50,overweight_vs_vw,BMG5320C1082,0.0012363663393855561,0.014494306346324811
2024,vw_50,overweight_vs_vw,JP3906000009,0.0014433872625380555,0.014485686019901913
2024,vw_50,overweight_vs_vw,HK0019000162,0.0010817938840015772,0.012299401232953498
2024,vw_50,overweight_vs_vw,JP3539220008,0.001377269583540712,0.011127541588515396
2024,vw_50,overweight_vs_vw,JP3676800000,0.000689122804749562,0.010381748555737248
2024,vw_nz,excluded_vs_vw,JP3734800000,0.003545674459792255,0.0
2024,vw_nz,excluded_vs_vw,JP3762600009,0.002732759567963079,0.0
2024,vw_nz,excluded_vs_vw,JP3778630008,0.0022973065561796664,0.0
2024,vw_nz,excluded_vs_vw,HK0823032773,0.002117913308210899,0.0
2024,vw_nz,excluded_vs_vw,HK0012000102,0.0020658607450116024,0.0
2024,vw_nz,excluded_vs_vw,BMG507361001,0.0019022988320007241,0.0
2024,vw_nz,excluded_vs_vw,JP3407400005,0.0016946606209076395,0.0
2024,vw_nz,excluded_vs_vw,JP3102000001,0.001689912997950992,0.0
2024,vw_nz,excluded_vs_vw,JP3111200006,0.001685543504256378,0.0
2024,vw_nz,excluded_vs_vw,SG1M51904654,0.0016108290403273242,0.0
2024,vw_nz,overweight_vs_vw,AU000000BWP3,0.00023007711251446262,0.0671464063272624
2024,vw_nz,overweight_vs_vw,JP3732200005,0.0006184756542928982,0.01747052475592268
2024,vw_nz,overweight_vs_vw,JP3122400009,0.005124317266610216,0.02121476477968034
2024,vw_nz,overweight_vs_vw,JP3868400007,0.0012180949395316368,0.01582539304434275
2024,vw_nz,overweight_vs_vw,JP3539220008,0.001377269583540712,0.015657496189248048
2024,vw_nz,overweight_vs_vw,JP3198900007,0.010739691937767033,0.02469811800394386
2024,vw_nz,overweight_vs_vw,JP3906000009,0.0014433872625380555,0.014668583862296705
2024,vw_nz,overweight_vs_vw,BMG5320C1082,0.0012363663393855561,0.014306767210430974
2024,vw_nz,overweight_vs_vw,JP3676800000,0.000689122804749562,0.013060515703174508
2024,vw_nz,overweight_vs_vw,JP3242800005,0.005756319929674421,0.018043080473578856
